name,industry,category,price,user_rating,user_reviews,price_band,rating_tier
tube,coffee,3,4.0,4.0,4,Budget ($0-25),Good (4-4.4)
Classic Espresso Drinks,Coffee,2% Milk,100.0,75.0,9,Premium ($51-100),Top Rated (4.5-5)
Classic Espresso Drinks,Coffee,2% Milk,90.0,75.0,8,Premium ($51-100),Top Rated (4.5-5)
Classic Espresso Drinks,Coffee,2% Milk,80.0,75.0,7,Premium ($51-100),Top Rated (4.5-5)
Classic Espresso Drinks,Coffee,2% Milk,250.0,150.0,35,Luxury ($101-250),Top Rated (4.5-5)
Classic Espresso Drinks,Coffee,2% Milk,240.0,150.0,22,Luxury ($101-250),Top Rated (4.5-5)
Classic Espresso Drinks,Coffee,2% Milk,190.0,150.0,17,Luxury ($101-250),Top Rated (4.5-5)
Classic Espresso Drinks,Coffee,2% Milk,150.0,150.0,14,Luxury ($101-250),Top Rated (4.5-5)
Classic Espresso Drinks,Coffee,2% Milk,120.0,150.0,10,Luxury ($101-250),Top Rated (4.5-5)
Classic Espresso Drinks,Coffee,2% Milk,200.0,95.0,26,Luxury ($101-250),Top Rated (4.5-5)
Classic Espresso Drinks,Coffee,2% Milk,130.0,85.0,17,Luxury ($101-250),Top Rated (4.5-5)
Classic Espresso Drinks,Coffee,2% Milk,200.0,75.0,27,Luxury ($101-250),Top Rated (4.5-5)
Classic Espresso Drinks,Coffee,2% Milk,130.0,75.0,17,Luxury ($101-250),Top Rated (4.5-5)
Classic Espresso Drinks,Coffee,2% Milk,150.0,75.0,14,Luxury ($101-250),Top Rated (4.5-5)
Classic Espresso Drinks,Coffee,2% Milk,340.0,180.0,43,Ultra ($250+),Top Rated (4.5-5)
Classic Espresso Drinks,Coffee,2% Milk,260.0,175.0,34,Ultra ($250+),Top Rated (4.5-5)
Classic Espresso Drinks,Coffee,2% Milk,320.0,150.0,44,Ultra ($250+),Top Rated (4.5-5)
Classic Espresso Drinks,Coffee,Doppio,10.0,150.0,0,Budget ($0-25),Top Rated (4.5-5)
Classic Espresso Drinks,Coffee,Grande,15.0,225.0,0,Budget ($0-25),Top Rated (4.5-5)
Classic Espresso Drinks,Coffee,Grande Nonfat Milk,80.0,150.0,10,Premium ($51-100),Top Rated (4.5-5)
Classic Espresso Drinks,Coffee,Grande Nonfat Milk,220.0,175.0,34,Luxury ($101-250),Top Rated (4.5-5)
Classic Espresso Drinks,Coffee,Grande Nonfat Milk,200.0,150.0,35,Luxury ($101-250),Top Rated (4.5-5)
Classic Espresso Drinks,Coffee,Grande Nonfat Milk,130.0,150.0,18,Luxury ($101-250),Top Rated (4.5-5)
Classic Espresso Drinks,Coffee,Grande Nonfat Milk,120.0,150.0,16,Luxury ($101-250),Top Rated (4.5-5)
Classic Espresso Drinks,Coffee,Short,5.0,75.0,0,Budget ($0-25),Top Rated (4.5-5)
Classic Espresso Drinks,Coffee,Short Nonfat Milk,50.0,75.0,7,Mid ($26-50),Top Rated (4.5-5)
Classic Espresso Drinks,Coffee,Short Nonfat Milk,100.0,75.0,18,Premium ($51-100),Top Rated (4.5-5)
Classic Espresso Drinks,Coffee,Short Nonfat Milk,70.0,75.0,9,Premium ($51-100),Top Rated (4.5-5)
Classic Espresso Drinks,Coffee,Short Nonfat Milk,60.0,75.0,8,Premium ($51-100),Top Rated (4.5-5)
Classic Espresso Drinks,Coffee,Short Nonfat Milk,110.0,85.0,17,Luxury ($101-250),Top Rated (4.5-5)
Classic Espresso Drinks,Coffee,Solo,5.0,75.0,0,Budget ($0-25),Top Rated (4.5-5)
Classic Espresso Drinks,Coffee,Soymilk,50.0,75.0,3,Mid ($26-50),Top Rated (4.5-5)
Classic Espresso Drinks,Coffee,Soymilk,100.0,150.0,5,Premium ($51-100),Top Rated (4.5-5)
Classic Espresso Drinks,Coffee,Soymilk,70.0,75.0,4,Premium ($51-100),Top Rated (4.5-5)
Classic Espresso Drinks,Coffee,Soymilk,70.0,75.0,4,Premium ($51-100),Top Rated (4.5-5)
Classic Espresso Drinks,Coffee,Soymilk,230.0,175.0,26,Luxury ($101-250),Top Rated (4.5-5)
Classic Espresso Drinks,Coffee,Soymilk,210.0,150.0,26,Luxury ($101-250),Top Rated (4.5-5)
Classic Espresso Drinks,Coffee,Soymilk,190.0,150.0,11,Luxury ($101-250),Top Rated (4.5-5)
Classic Espresso Drinks,Coffee,Soymilk,150.0,150.0,8,Luxury ($101-250),Top Rated (4.5-5)
Classic Espresso Drinks,Coffee,Soymilk,120.0,150.0,7,Luxury ($101-250),Top Rated (4.5-5)
Classic Espresso Drinks,Coffee,Soymilk,180.0,95.0,20,Luxury ($101-250),Top Rated (4.5-5)
Classic Espresso Drinks,Coffee,Soymilk,110.0,85.0,13,Luxury ($101-250),Top Rated (4.5-5)
Classic Espresso Drinks,Coffee,Soymilk,160.0,75.0,20,Luxury ($101-250),Top Rated (4.5-5)
Classic Espresso Drinks,Coffee,Soymilk,110.0,75.0,13,Luxury ($101-250),Top Rated (4.5-5)
Classic Espresso Drinks,Coffee,Soymilk,110.0,75.0,6,Luxury ($101-250),Top Rated (4.5-5)
Classic Espresso Drinks,Coffee,Soymilk,290.0,180.0,33,Ultra ($250+),Top Rated (4.5-5)
Classic Espresso Drinks,Coffee,Soymilk,270.0,150.0,33,Ultra ($250+),Top Rated (4.5-5)
Classic Espresso Drinks,Coffee,Tall,10.0,150.0,0,Budget ($0-25),Top Rated (4.5-5)
Classic Espresso Drinks,Coffee,Tall Nonfat Milk,100.0,75.0,14,Premium ($51-100),Top Rated (4.5-5)
Classic Espresso Drinks,Coffee,Tall Nonfat Milk,100.0,75.0,13,Premium ($51-100),Top Rated (4.5-5)
Classic Espresso Drinks,Coffee,Tall Nonfat Milk,60.0,75.0,8,Premium ($51-100),Top Rated (4.5-5)
Classic Espresso Drinks,Coffee,Tall Nonfat Milk,170.0,95.0,27,Luxury ($101-250),Top Rated (4.5-5)
Classic Espresso Drinks,Coffee,Tall Nonfat Milk,150.0,75.0,27,Luxury ($101-250),Top Rated (4.5-5)
Classic Espresso Drinks,Coffee,Venti,25.0,300.0,0,Budget ($0-25),Top Rated (4.5-5)
Classic Espresso Drinks,Coffee,Venti Nonfat Milk,250.0,150.0,45,Luxury ($101-250),Top Rated (4.5-5)
Classic Espresso Drinks,Coffee,Venti Nonfat Milk,170.0,150.0,23,Luxury ($101-250),Top Rated (4.5-5)
Classic Espresso Drinks,Coffee,Venti Nonfat Milk,160.0,150.0,21,Luxury ($101-250),Top Rated (4.5-5)
Classic Espresso Drinks,Coffee,Venti Nonfat Milk,110.0,150.0,14,Luxury ($101-250),Top Rated (4.5-5)
Classic Espresso Drinks,Coffee,Venti Nonfat Milk,280.0,180.0,44,Ultra ($250+),Top Rated (4.5-5)
Coffee,Coffee,Grande,5.0,330.0,0,Budget ($0-25),Top Rated (4.5-5)
Coffee,Coffee,Short,3.0,175.0,0,Budget ($0-25),Top Rated (4.5-5)
Coffee,Coffee,Tall,4.0,260.0,0,Budget ($0-25),Top Rated (4.5-5)
Coffee,Coffee,Venti,5.0,410.0,0,Budget ($0-25),Top Rated (4.5-5)
Frappuccino® Blended Coffee,Coffee,Grande Nonfat Milk,220.0,70.0,50,Luxury ($101-250),Top Rated (4.5-5)
Frappuccino® Blended Coffee,Coffee,Grande Nonfat Milk,310.0,110.0,62,Ultra ($250+),Top Rated (4.5-5)
Frappuccino® Blended Coffee,Coffee,Grande Nonfat Milk,260.0,110.0,58,Ultra ($250+),Top Rated (4.5-5)
Frappuccino® Blended Coffee,Coffee,Grande Nonfat Milk,280.0,100.0,59,Ultra ($250+),Top Rated (4.5-5)
Frappuccino® Blended Coffee,Coffee,Soymilk,220.0,95.0,47,Luxury ($101-250),Top Rated (4.5-5)
Frappuccino® Blended Coffee,Coffee,Soymilk,220.0,75.0,42,Luxury ($101-250),Top Rated (4.5-5)
Frappuccino® Blended Coffee,Coffee,Soymilk,180.0,70.0,39,Luxury ($101-250),Top Rated (4.5-5)
Frappuccino® Blended Coffee,Coffee,Soymilk,180.0,70.0,38,Luxury ($101-250),Top Rated (4.5-5)
Frappuccino® Blended Coffee,Coffee,Soymilk,160.0,70.0,34,Luxury ($101-250),Top Rated (4.5-5)
Frappuccino® Blended Coffee,Coffee,Soymilk,430.0,145.0,80,Ultra ($250+),Top Rated (4.5-5)
Frappuccino® Blended Coffee,Coffee,Soymilk,350.0,140.0,73,Ultra ($250+),Top Rated (4.5-5)
Frappuccino® Blended Coffee,Coffee,Soymilk,340.0,130.0,73,Ultra ($250+),Top Rated (4.5-5)
Frappuccino® Blended Coffee,Coffee,Soymilk,310.0,130.0,66,Ultra ($250+),Top Rated (4.5-5)
Frappuccino® Blended Coffee,Coffee,Soymilk,310.0,110.0,60,Ultra ($250+),Top Rated (4.5-5)
Frappuccino® Blended Coffee,Coffee,Soymilk,260.0,110.0,55,Ultra ($250+),Top Rated (4.5-5)
Frappuccino® Blended Coffee,Coffee,Soymilk,260.0,100.0,56,Ultra ($250+),Top Rated (4.5-5)
Frappuccino® Blended Coffee,Coffee,Tall Nonfat Milk,180.0,130.0,40,Luxury ($101-250),Top Rated (4.5-5)
Frappuccino® Blended Coffee,Coffee,Tall Nonfat Milk,220.0,75.0,44,Luxury ($101-250),Top Rated (4.5-5)
Frappuccino® Blended Coffee,Coffee,Tall Nonfat Milk,180.0,70.0,41,Luxury ($101-250),Top Rated (4.5-5)
Frappuccino® Blended Coffee,Coffee,Tall Nonfat Milk,160.0,0.0,36,Luxury ($101-250),Low (1-2.9)
Frappuccino® Blended Coffee,Coffee,Venti Nonfat Milk,420.0,145.0,84,Ultra ($250+),Top Rated (4.5-5)
Frappuccino® Blended Coffee,Coffee,Venti Nonfat Milk,340.0,140.0,76,Ultra ($250+),Top Rated (4.5-5)
Frappuccino® Blended Coffee,Coffee,Venti Nonfat Milk,330.0,130.0,77,Ultra ($250+),Top Rated (4.5-5)
Frappuccino® Blended Coffee,Coffee,Venti Nonfat Milk,310.0,95.0,69,Ultra ($250+),Top Rated (4.5-5)
Frappuccino® Blended Coffee,Coffee,Whole Milk,240.0,95.0,50,Luxury ($101-250),Top Rated (4.5-5)
Frappuccino® Blended Coffee,Coffee,Whole Milk,240.0,75.0,44,Luxury ($101-250),Top Rated (4.5-5)
Frappuccino® Blended Coffee,Coffee,Whole Milk,200.0,70.0,41,Luxury ($101-250),Top Rated (4.5-5)
Frappuccino® Blended Coffee,Coffee,Whole Milk,200.0,70.0,40,Luxury ($101-250),Top Rated (4.5-5)
Frappuccino® Blended Coffee,Coffee,Whole Milk,180.0,70.0,36,Luxury ($101-250),Top Rated (4.5-5)
Frappuccino® Blended Coffee,Coffee,Whole Milk,460.0,145.0,84,Ultra ($250+),Top Rated (4.5-5)
Frappuccino® Blended Coffee,Coffee,Whole Milk,390.0,140.0,76,Ultra ($250+),Top Rated (4.5-5)
Frappuccino® Blended Coffee,Coffee,Whole Milk,370.0,130.0,77,Ultra ($250+),Top Rated (4.5-5)
Frappuccino® Blended Coffee,Coffee,Whole Milk,350.0,130.0,69,Ultra ($250+),Top Rated (4.5-5)
Frappuccino® Blended Coffee,Coffee,Whole Milk,340.0,110.0,62,Ultra ($250+),Top Rated (4.5-5)
Frappuccino® Blended Coffee,Coffee,Whole Milk,290.0,110.0,58,Ultra ($250+),Top Rated (4.5-5)
Frappuccino® Blended Coffee,Coffee,Whole Milk,280.0,100.0,59,Ultra ($250+),Top Rated (4.5-5)
Frappuccino® Blended Crème,Coffee,Grande Nonfat Milk,240.0,0.0,55,Luxury ($101-250),Low (1-2.9)
Frappuccino® Blended Crème,Coffee,Grande Nonfat Milk,230.0,0.0,52,Luxury ($101-250),Low (1-2.9)
Frappuccino® Blended Crème,Coffee,Soymilk,240.0,0.0,49,Luxury ($101-250),Low (1-2.9)
Frappuccino® Blended Crème,Coffee,Soymilk,170.0,0.0,35,Luxury ($101-250),Low (1-2.9)
Frappuccino® Blended Crème,Coffee,Soymilk,180.0,0.0,35,Luxury ($101-250),Low (1-2.9)
Frappuccino® Blended Crème,Coffee,Soymilk,320.0,0.0,64,Ultra ($250+),Low (1-2.9)
Frappuccino® Blended Crème,Coffee,Tall Nonfat Milk,170.0,0.0,38,Luxury ($101-250),Low (1-2.9)
Frappuccino® Blended Crème,Coffee,Tall Nonfat Milk,170.0,0.0,38,Luxury ($101-250),Low (1-2.9)
Frappuccino® Blended Crème,Coffee,Venti Nonfat Milk,310.0,0.0,69,Ultra ($250+),Low (1-2.9)
Frappuccino® Blended Crème,Coffee,Whole Milk,200.0,0.0,38,Luxury ($101-250),Low (1-2.9)
Frappuccino® Blended Crème,Coffee,Whole Milk,190.0,0.0,37,Luxury ($101-250),Low (1-2.9)
Frappuccino® Blended Crème,Coffee,Whole Milk,350.0,0.0,68,Ultra ($250+),Low (1-2.9)
Frappuccino® Blended Crème,Coffee,Whole Milk,260.0,0.0,52,Ultra ($250+),Low (1-2.9)
Frappuccino® Light Blended Coffee,Coffee,Grande Nonfat Milk,220.0,105.0,39,Luxury ($101-250),Top Rated (4.5-5)
Frappuccino® Light Blended Coffee,Coffee,Grande Nonfat Milk,150.0,95.0,30,Luxury ($101-250),Top Rated (4.5-5)
Frappuccino® Light Blended Coffee,Coffee,Grande Nonfat Milk,120.0,95.0,26,Luxury ($101-250),Top Rated (4.5-5)
Frappuccino® Light Blended Coffee,Coffee,Grande Nonfat Milk,150.0,90.0,32,Luxury ($101-250),Top Rated (4.5-5)
Frappuccino® Light Blended Coffee,Coffee,Tall Nonfat Milk,90.0,70.0,19,Premium ($51-100),Top Rated (4.5-5)
Frappuccino® Light Blended Coffee,Coffee,Tall Nonfat Milk,100.0,65.0,23,Premium ($51-100),Top Rated (4.5-5)
Frappuccino® Light Blended Coffee,Coffee,Tall Nonfat Milk,150.0,70.0,27,Luxury ($101-250),Top Rated (4.5-5)
Frappuccino® Light Blended Coffee,Coffee,Tall Nonfat Milk,110.0,70.0,23,Luxury ($101-250),Top Rated (4.5-5)
Frappuccino® Light Blended Coffee,Coffee,Venti Nonfat Milk,210.0,130.0,42,Luxury ($101-250),Top Rated (4.5-5)
Frappuccino® Light Blended Coffee,Coffee,Venti Nonfat Milk,200.0,120.0,43,Luxury ($101-250),Top Rated (4.5-5)
Frappuccino® Light Blended Coffee,Coffee,Venti Nonfat Milk,160.0,120.0,33,Luxury ($101-250),Top Rated (4.5-5)
Frappuccino® Light Blended Coffee,Coffee,Venti Nonfat Milk,290.0,165.0,52,Ultra ($250+),Top Rated (4.5-5)
Shaken Iced Beverages,Coffee,2% Milk,180.0,170.0,36,Luxury ($101-250),Top Rated (4.5-5)
Shaken Iced Beverages,Coffee,2% Milk,120.0,125.0,24,Luxury ($101-250),Top Rated (4.5-5)
Shaken Iced Beverages,Coffee,Grande,90.0,165.0,21,Premium ($51-100),Top Rated (4.5-5)
Shaken Iced Beverages,Coffee,Grande Nonfat Milk,110.0,90.0,24,Luxury ($101-250),Top Rated (4.5-5)
Shaken Iced Beverages,Coffee,Soymilk,80.0,90.0,17,Premium ($51-100),Top Rated (4.5-5)
Shaken Iced Beverages,Coffee,Soymilk,170.0,170.0,33,Luxury ($101-250),Top Rated (4.5-5)
Shaken Iced Beverages,Coffee,Soymilk,110.0,125.0,22,Luxury ($101-250),Top Rated (4.5-5)
Shaken Iced Beverages,Coffee,Tall,60.0,170.0,15,Premium ($51-100),Top Rated (4.5-5)
Shaken Iced Beverages,Coffee,Tall,60.0,120.0,15,Premium ($51-100),Top Rated (4.5-5)
Shaken Iced Beverages,Coffee,Tall Nonfat Milk,80.0,90.0,18,Premium ($51-100),Top Rated (4.5-5)
Shaken Iced Beverages,Coffee,Venti,130.0,235.0,31,Luxury ($101-250),Top Rated (4.5-5)
Shaken Iced Beverages,Coffee,Venti Nonfat Milk,160.0,125.0,36,Luxury ($101-250),Top Rated (4.5-5)
Signature Espresso Drinks,Coffee,2% Milk,240.0,150.0,32,Luxury ($101-250),Top Rated (4.5-5)
Signature Espresso Drinks,Coffee,2% Milk,200.0,75.0,29,Luxury ($101-250),Top Rated (4.5-5)
Signature Espresso Drinks,Coffee,2% Milk,180.0,75.0,23,Luxury ($101-250),Top Rated (4.5-5)
Signature Espresso Drinks,Coffee,2% Milk,120.0,75.0,15,Luxury ($101-250),Top Rated (4.5-5)
Signature Espresso Drinks,Coffee,2% Milk,230.0,20.0,32,Luxury ($101-250),Top Rated (4.5-5)
Signature Espresso Drinks,Coffee,2% Milk,150.0,10.0,22,Luxury ($101-250),Top Rated (4.5-5)
Signature Espresso Drinks,Coffee,2% Milk,510.0,150.0,74,Ultra ($250+),Top Rated (4.5-5)
Signature Espresso Drinks,Coffee,2% Milk,400.0,150.0,58,Ultra ($250+),Top Rated (4.5-5)
Signature Espresso Drinks,Coffee,2% Milk,300.0,150.0,40,Ultra ($250+),Top Rated (4.5-5)
Signature Espresso Drinks,Coffee,2% Milk,310.0,75.0,44,Ultra ($250+),Top Rated (4.5-5)
Signature Espresso Drinks,Coffee,2% Milk,380.0,30.0,54,Ultra ($250+),Top Rated (4.5-5)
Signature Espresso Drinks,Coffee,2% Milk,290.0,25.0,41,Ultra ($250+),Top Rated (4.5-5)
Signature Espresso Drinks,Coffee,Grande,280.0,0.0,65,Ultra ($250+),Low (1-2.9)
Signature Espresso Drinks,Coffee,Grande Nonfat Milk,190.0,150.0,32,Luxury ($101-250),Top Rated (4.5-5)
Signature Espresso Drinks,Coffee,Grande Nonfat Milk,240.0,25.0,41,Luxury ($101-250),Top Rated (4.5-5)
Signature Espresso Drinks,Coffee,Grande Nonfat Milk,350.0,150.0,58,Ultra ($250+),Top Rated (4.5-5)
Signature Espresso Drinks,Coffee,Short,140.0,0.0,33,Luxury ($101-250),Low (1-2.9)
Signature Espresso Drinks,Coffee,Short Nonfat Milk,100.0,75.0,15,Premium ($51-100),Top Rated (4.5-5)
Signature Espresso Drinks,Coffee,Short Nonfat Milk,180.0,75.0,29,Luxury ($101-250),Top Rated (4.5-5)
Signature Espresso Drinks,Coffee,Short Nonfat Milk,130.0,10.0,23,Luxury ($101-250),Top Rated (4.5-5)
Signature Espresso Drinks,Coffee,Soymilk,100.0,75.0,11,Premium ($51-100),Top Rated (4.5-5)
Signature Espresso Drinks,Coffee,Soymilk,250.0,150.0,31,Luxury ($101-250),Top Rated (4.5-5)
Signature Espresso Drinks,Coffee,Soymilk,200.0,150.0,24,Luxury ($101-250),Top Rated (4.5-5)
Signature Espresso Drinks,Coffee,Soymilk,180.0,75.0,25,Luxury ($101-250),Top Rated (4.5-5)
Signature Espresso Drinks,Coffee,Soymilk,150.0,75.0,17,Luxury ($101-250),Top Rated (4.5-5)
Signature Espresso Drinks,Coffee,Soymilk,250.0,25.0,32,Luxury ($101-250),Top Rated (4.5-5)
Signature Espresso Drinks,Coffee,Soymilk,200.0,20.0,25,Luxury ($101-250),Top Rated (4.5-5)
Signature Espresso Drinks,Coffee,Soymilk,130.0,10.0,18,Luxury ($101-250),Top Rated (4.5-5)
Signature Espresso Drinks,Coffee,Soymilk,460.0,150.0,64,Ultra ($250+),Top Rated (4.5-5)
Signature Espresso Drinks,Coffee,Soymilk,370.0,150.0,51,Ultra ($250+),Top Rated (4.5-5)
Signature Espresso Drinks,Coffee,Soymilk,280.0,75.0,39,Ultra ($250+),Top Rated (4.5-5)
Signature Espresso Drinks,Coffee,Soymilk,330.0,30.0,44,Ultra ($250+),Top Rated (4.5-5)
Signature Espresso Drinks,Coffee,Tall,210.0,0.0,49,Luxury ($101-250),Low (1-2.9)
Signature Espresso Drinks,Coffee,Tall Nonfat Milk,140.0,75.0,24,Luxury ($101-250),Top Rated (4.5-5)
Signature Espresso Drinks,Coffee,Tall Nonfat Milk,190.0,20.0,32,Luxury ($101-250),Top Rated (4.5-5)
Signature Espresso Drinks,Coffee,Tall Nonfat Milk,270.0,75.0,45,Ultra ($250+),Top Rated (4.5-5)
Signature Espresso Drinks,Coffee,Venti,360.0,0.0,83,Ultra ($250+),Low (1-2.9)
Signature Espresso Drinks,Coffee,Venti Nonfat Milk,240.0,150.0,41,Luxury ($101-250),Top Rated (4.5-5)
Signature Espresso Drinks,Coffee,Venti Nonfat Milk,450.0,150.0,74,Ultra ($250+),Top Rated (4.5-5)
Signature Espresso Drinks,Coffee,Venti Nonfat Milk,320.0,30.0,55,Ultra ($250+),Top Rated (4.5-5)
Smoothies,Coffee,2% Milk,300.0,15.0,34,Ultra ($250+),Top Rated (4.5-5)
Smoothies,Coffee,2% Milk,290.0,0.0,41,Ultra ($250+),Low (1-2.9)
Smoothies,Coffee,2% Milk,270.0,0.0,37,Ultra ($250+),Low (1-2.9)
Smoothies,Coffee,Grande Nonfat Milk,260.0,15.0,37,Ultra ($250+),Top Rated (4.5-5)
Smoothies,Coffee,Grande Nonfat Milk,290.0,0.0,41,Ultra ($250+),Low (1-2.9)
Smoothies,Coffee,Soymilk,290.0,15.0,31,Ultra ($250+),Top Rated (4.5-5)
Smoothies,Coffee,Soymilk,290.0,0.0,40,Ultra ($250+),Low (1-2.9)
Smoothies,Coffee,Soymilk,270.0,0.0,36,Ultra ($250+),Low (1-2.9)
Tazo® Tea Drinks,Coffee,2% Milk,90.0,0.0,15,Premium ($51-100),Low (1-2.9)
Tazo® Tea Drinks,Coffee,2% Milk,240.0,95.0,42,Luxury ($101-250),Top Rated (4.5-5)
Tazo® Tea Drinks,Coffee,2% Milk,190.0,70.0,32,Luxury ($101-250),Top Rated (4.5-5)
Tazo® Tea Drinks,Coffee,2% Milk,120.0,50.0,21,Luxury ($101-250),Top Rated (4.5-5)
Tazo® Tea Drinks,Coffee,2% Milk,170.0,25.0,25,Luxury ($101-250),Top Rated (4.5-5)
Tazo® Tea Drinks,Coffee,2% Milk,230.0,0.0,38,Luxury ($101-250),Low (1-2.9)
Tazo® Tea Drinks,Coffee,2% Milk,190.0,0.0,30,Luxury ($101-250),Low (1-2.9)
Tazo® Tea Drinks,Coffee,2% Milk,140.0,0.0,23,Luxury ($101-250),Low (1-2.9)
Tazo® Tea Drinks,Coffee,2% Milk,310.0,120.0,53,Ultra ($250+),Top Rated (4.5-5)
Tazo® Tea Drinks,Coffee,2% Milk,450.0,110.0,71,Ultra ($250+),Top Rated (4.5-5)
Tazo® Tea Drinks,Coffee,2% Milk,350.0,80.0,55,Ultra ($250+),Top Rated (4.5-5)
Tazo® Tea Drinks,Coffee,2% Milk,260.0,55.0,40,Ultra ($250+),Top Rated (4.5-5)
Tazo® Tea Drinks,Coffee,Grande Nonfat Milk,210.0,95.0,43,Luxury ($101-250),Top Rated (4.5-5)
Tazo® Tea Drinks,Coffee,Grande Nonfat Milk,150.0,0.0,31,Luxury ($101-250),Low (1-2.9)
Tazo® Tea Drinks,Coffee,Grande Nonfat Milk,290.0,80.0,56,Ultra ($250+),Top Rated (4.5-5)
Tazo® Tea Drinks,Coffee,Short Nonfat Milk,100.0,50.0,21,Premium ($51-100),Top Rated (4.5-5)
Tazo® Tea Drinks,Coffee,Short Nonfat Milk,80.0,0.0,16,Premium ($51-100),Low (1-2.9)
Tazo® Tea Drinks,Coffee,Short Nonfat Milk,130.0,25.0,25,Luxury ($101-250),Top Rated (4.5-5)
Tazo® Tea Drinks,Coffee,Soymilk,80.0,0.0,13,Premium ($51-100),Low (1-2.9)
Tazo® Tea Drinks,Coffee,Soymilk,220.0,95.0,37,Luxury ($101-250),Top Rated (4.5-5)
Tazo® Tea Drinks,Coffee,Soymilk,160.0,70.0,28,Luxury ($101-250),Top Rated (4.5-5)
Tazo® Tea Drinks,Coffee,Soymilk,230.0,55.0,33,Luxury ($101-250),Top Rated (4.5-5)
Tazo® Tea Drinks,Coffee,Soymilk,110.0,50.0,18,Luxury ($101-250),Top Rated (4.5-5)
Tazo® Tea Drinks,Coffee,Soymilk,140.0,25.0,20,Luxury ($101-250),Top Rated (4.5-5)
Tazo® Tea Drinks,Coffee,Soymilk,210.0,0.0,32,Luxury ($101-250),Low (1-2.9)
Tazo® Tea Drinks,Coffee,Soymilk,170.0,0.0,25,Luxury ($101-250),Low (1-2.9)
Tazo® Tea Drinks,Coffee,Soymilk,130.0,0.0,19,Luxury ($101-250),Low (1-2.9)
Tazo® Tea Drinks,Coffee,Soymilk,280.0,120.0,46,Ultra ($250+),Top Rated (4.5-5)
Tazo® Tea Drinks,Coffee,Soymilk,390.0,110.0,58,Ultra ($250+),Top Rated (4.5-5)
Tazo® Tea Drinks,Coffee,Soymilk,310.0,80.0,46,Ultra ($250+),Top Rated (4.5-5)
Tazo® Tea Drinks,Coffee,Tall Nonfat Milk,160.0,70.0,32,Luxury ($101-250),Top Rated (4.5-5)
Tazo® Tea Drinks,Coffee,Tall Nonfat Milk,210.0,55.0,41,Luxury ($101-250),Top Rated (4.5-5)
Tazo® Tea Drinks,Coffee,Tall Nonfat Milk,120.0,0.0,23,Luxury ($101-250),Low (1-2.9)
Tazo® Tea Drinks,Coffee,Venti Nonfat Milk,190.0,0.0,39,Luxury ($101-250),Low (1-2.9)
Tazo® Tea Drinks,Coffee,Venti Nonfat Milk,260.0,120.0,54,Ultra ($250+),Top Rated (4.5-5)
Tazo® Tea Drinks,Coffee,Venti Nonfat Milk,370.0,110.0,71,Ultra ($250+),Top Rated (4.5-5)
Casual Dining,Foods,Chinese,18.2325,64.0,0,Budget ($0-25),Top Rated (4.5-5)
Casual Dining,Foods,Chinese,14.96,33.0,0,Budget ($0-25),Top Rated (4.5-5)
Casual Dining,Foods,Chinese,5.59,23.0,0,Budget ($0-25),Top Rated (4.5-5)
Casual Dining,Foods,Chinese,24.582,23.0,0,Budget ($0-25),Top Rated (4.5-5)
Casual Dining,Foods,Chinese,19.8475,22.0,0,Budget ($0-25),Top Rated (4.5-5)
Casual Dining,Foods,Chinese,8.316,17.0,0,Budget ($0-25),Top Rated (4.5-5)
Casual Dining,Foods,Chinese,9.036,16.0,0,Budget ($0-25),Top Rated (4.5-5)
Casual Dining,Foods,Chinese,18.414,16.0,0,Budget ($0-25),Top Rated (4.5-5)
Casual Dining,Foods,Chinese,11.358,13.0,0,Budget ($0-25),Top Rated (4.5-5)
Casual Dining,Foods,Chinese,12.672,9.0,0,Budget ($0-25),Top Rated (4.5-5)
Casual Dining,Foods,Chinese,10.044,8.0,0,Budget ($0-25),Top Rated (4.5-5)
Casual Dining,Foods,Chinese,38.8875,31.0,0,Mid ($26-50),Top Rated (4.5-5)
Casual Dining,Foods,Chinese,32.674,21.0,0,Mid ($26-50),Top Rated (4.5-5)
Casual Dining,Foods,Chinese,28.523,10.0,0,Mid ($26-50),Top Rated (4.5-5)
Casual Dining,Foods,Indian,17.7055,63.0,0,Budget ($0-25),Top Rated (4.5-5)
Casual Dining,Foods,Indian,20.0345,31.0,0,Budget ($0-25),Top Rated (4.5-5)
Casual Dining,Foods,Indian,23.7575,20.0,0,Budget ($0-25),Top Rated (4.5-5)
Casual Dining,Foods,Indian,7.56,17.0,0,Budget ($0-25),Top Rated (4.5-5)
Casual Dining,Foods,Indian,12.834,15.0,0,Budget ($0-25),Top Rated (4.5-5)
Casual Dining,Foods,Indian,6.966,15.0,0,Budget ($0-25),Top Rated (4.5-5)
Casual Dining,Foods,Indian,11.754,13.0,0,Budget ($0-25),Top Rated (4.5-5)
Casual Dining,Foods,Indian,5.616,7.0,0,Budget ($0-25),Top Rated (4.5-5)
Casual Dining,Foods,Indian,36.322,12.0,0,Mid ($26-50),Top Rated (4.5-5)
Casual Dining,Foods,Malay,4.522,42.0,0,Budget ($0-25),Top Rated (4.5-5)
Casual Dining,Foods,Malay,5.24,22.0,0,Budget ($0-25),Top Rated (4.5-5)
Casual Dining,Foods,Malay,24.4885,21.0,0,Budget ($0-25),Top Rated (4.5-5)
Casual Dining,Foods,Malay,11.484,20.0,0,Budget ($0-25),Top Rated (4.5-5)
Casual Dining,Foods,Malay,8.892,15.0,0,Budget ($0-25),Top Rated (4.5-5)
Casual Dining,Foods,Malay,7.578,13.0,0,Budget ($0-25),Top Rated (4.5-5)
Casual Dining,Foods,Malay,7.77,13.0,0,Budget ($0-25),Top Rated (4.5-5)
Casual Dining,Foods,Malay,19.217,12.0,0,Budget ($0-25),Top Rated (4.5-5)
Casual Dining,Foods,Malay,12.384,12.0,0,Budget ($0-25),Top Rated (4.5-5)
Casual Dining,Foods,Malay,4.014,11.0,0,Budget ($0-25),Top Rated (4.5-5)
Casual Dining,Foods,Malay,3.69,8.0,0,Budget ($0-25),Top Rated (4.5-5)
Casual Dining,Foods,Malay,7.392,8.0,0,Budget ($0-25),Top Rated (4.5-5)
Casual Dining,Foods,Malay,5.652,8.0,0,Budget ($0-25),Top Rated (4.5-5)
Casual Dining,Foods,Malay,16.676,7.0,0,Budget ($0-25),Top Rated (4.5-5)
Casual Dining,Foods,Malay,8.514,6.0,0,Budget ($0-25),Top Rated (4.5-5)
Casual Dining,Foods,Malay,3.798,5.0,0,Budget ($0-25),Top Rated (4.5-5)
Casual Dining,Foods,Malay,4.788,4.0,0,Budget ($0-25),Good (4-4.4)
Casual Dining,Foods,Malaysian,11.9,32.0,0,Budget ($0-25),Top Rated (4.5-5)
Casual Dining,Foods,Malaysian,7.13,23.0,0,Budget ($0-25),Top Rated (4.5-5)
Casual Dining,Foods,Malaysian,7.395,21.0,0,Budget ($0-25),Top Rated (4.5-5)
Casual Dining,Foods,Malaysian,10.08,12.0,0,Budget ($0-25),Top Rated (4.5-5)
Casual Dining,Foods,Malaysian,5.04,11.0,0,Budget ($0-25),Top Rated (4.5-5)
Casual Dining,Foods,Malaysian,6.578,11.0,0,Budget ($0-25),Top Rated (4.5-5)
Casual Dining,Foods,Malaysian,10.2085,10.0,0,Budget ($0-25),Top Rated (4.5-5)
Casual Dining,Foods,Malaysian,5.058,10.0,0,Budget ($0-25),Top Rated (4.5-5)
Casual Dining,Foods,Nyonya,20.978,31.0,0,Budget ($0-25),Top Rated (4.5-5)
Casual Dining,Foods,Nyonya,14.238,16.0,0,Budget ($0-25),Top Rated (4.5-5)
Casual Dining,Foods,Nyonya,4.482,13.0,0,Budget ($0-25),Top Rated (4.5-5)
Casual Dining,Foods,Nyonya,4.752,13.0,0,Budget ($0-25),Top Rated (4.5-5)
Casual Dining,Foods,Nyonya,5.51,11.0,0,Budget ($0-25),Top Rated (4.5-5)
Casual Dining,Foods,Nyonya,29.427,50.0,0,Mid ($26-50),Top Rated (4.5-5)
Casual Dining,Foods,Sabahan,5.13,17.0,0,Budget ($0-25),Top Rated (4.5-5)
Casual Dining,Foods,Sabahan,13.392,15.0,0,Budget ($0-25),Top Rated (4.5-5)
Casual Dining,Foods,Sabahan,5.094,11.0,0,Budget ($0-25),Top Rated (4.5-5)
Casual Dining,Foods,Sabahan,5.688,8.0,0,Budget ($0-25),Top Rated (4.5-5)
Casual Dining,Foods,Sabahan,39.865,26.0,0,Mid ($26-50),Top Rated (4.5-5)
Casual Dining,Foods,Sarawakian,7.074,12.0,0,Budget ($0-25),Top Rated (4.5-5)
Casual Dining,Foods,Sarawakian,16.146,9.0,0,Budget ($0-25),Top Rated (4.5-5)
Casual Dining,Foods,Sarawakian,15.543,9.0,0,Budget ($0-25),Top Rated (4.5-5)
Casual Dining,Foods,Sarawakian,26.75,16.0,0,Mid ($26-50),Top Rated (4.5-5)
Fast Food,Foods,Chinese,6.24,34.0,0,Budget ($0-25),Top Rated (4.5-5)
Fast Food,Foods,Chinese,14.127,33.0,0,Budget ($0-25),Top Rated (4.5-5)
Fast Food,Foods,Chinese,15.827,22.0,0,Budget ($0-25),Top Rated (4.5-5)
Fast Food,Foods,Chinese,14.4245,18.0,0,Budget ($0-25),Top Rated (4.5-5)
Fast Food,Foods,Chinese,8.37,13.0,0,Budget ($0-25),Top Rated (4.5-5)
Fast Food,Foods,Chinese,20.04,13.0,0,Budget ($0-25),Top Rated (4.5-5)
Fast Food,Foods,Chinese,10.404,11.0,0,Budget ($0-25),Top Rated (4.5-5)
Fast Food,Foods,Chinese,10.01,10.0,0,Budget ($0-25),Top Rated (4.5-5)
Fast Food,Foods,Indian,7.446,41.0,0,Budget ($0-25),Top Rated (4.5-5)
Fast Food,Foods,Indian,16.133,31.0,0,Budget ($0-25),Top Rated (4.5-5)
Fast Food,Foods,Indian,7.191,17.0,0,Budget ($0-25),Top Rated (4.5-5)
Fast Food,Foods,Indian,13.9655,16.0,0,Budget ($0-25),Top Rated (4.5-5)
Fast Food,Foods,Indian,10.387,14.0,0,Budget ($0-25),Top Rated (4.5-5)
Fast Food,Foods,Indian,9.2225,12.0,0,Budget ($0-25),Top Rated (4.5-5)
Fast Food,Foods,Indian,19.547,11.0,0,Budget ($0-25),Top Rated (4.5-5)
Fast Food,Foods,Indian,15.114,11.0,0,Budget ($0-25),Top Rated (4.5-5)
Fast Food,Foods,Indian,28.56,46.0,0,Mid ($26-50),Top Rated (4.5-5)
Fast Food,Foods,Indian,26.13,26.0,0,Mid ($26-50),Top Rated (4.5-5)
Fast Food,Foods,Malay,17.0255,48.0,0,Budget ($0-25),Top Rated (4.5-5)
Fast Food,Foods,Malay,8.891,39.0,0,Budget ($0-25),Top Rated (4.5-5)
Fast Food,Foods,Malay,9.0695,36.0,0,Budget ($0-25),Top Rated (4.5-5)
Fast Food,Foods,Malay,9.146,29.0,0,Budget ($0-25),Top Rated (4.5-5)
Fast Food,Foods,Malay,18.38,24.0,0,Budget ($0-25),Top Rated (4.5-5)
Fast Food,Foods,Malay,8.6275,21.0,0,Budget ($0-25),Top Rated (4.5-5)
Fast Food,Foods,Malay,15.0705,19.0,0,Budget ($0-25),Top Rated (4.5-5)
Fast Food,Foods,Malay,15.51,18.0,0,Budget ($0-25),Top Rated (4.5-5)
Fast Food,Foods,Malay,17.84,16.0,0,Budget ($0-25),Top Rated (4.5-5)
Fast Food,Foods,Malay,7.794,13.0,0,Budget ($0-25),Top Rated (4.5-5)
Fast Food,Foods,Malay,5.87,13.0,0,Budget ($0-25),Top Rated (4.5-5)
Fast Food,Foods,Malay,7.953,11.0,0,Budget ($0-25),Top Rated (4.5-5)
Fast Food,Foods,Malay,6.54,11.0,0,Budget ($0-25),Top Rated (4.5-5)
Fast Food,Foods,Malay,8.43,11.0,0,Budget ($0-25),Top Rated (4.5-5)
Fast Food,Foods,Malay,7.568,9.0,0,Budget ($0-25),Top Rated (4.5-5)
Fast Food,Foods,Malay,13.497,9.0,0,Budget ($0-25),Top Rated (4.5-5)
Fast Food,Foods,Malay,7.86,8.0,0,Budget ($0-25),Top Rated (4.5-5)
Fast Food,Foods,Malay,7.227,6.0,0,Budget ($0-25),Top Rated (4.5-5)
Fast Food,Foods,Malay,26.877,53.0,0,Mid ($26-50),Top Rated (4.5-5)
Fast Food,Foods,Malaysian,3.65,15.0,0,Budget ($0-25),Top Rated (4.5-5)
Fast Food,Foods,Malaysian,4.5305,13.0,0,Budget ($0-25),Top Rated (4.5-5)
Fast Food,Foods,Malaysian,3.54,10.0,0,Budget ($0-25),Top Rated (4.5-5)
Fast Food,Foods,Nyonya,4.75,54.0,0,Budget ($0-25),Top Rated (4.5-5)
Fast Food,Foods,Nyonya,7.3015,33.0,0,Budget ($0-25),Top Rated (4.5-5)
Fast Food,Foods,Nyonya,7.0805,26.0,0,Budget ($0-25),Top Rated (4.5-5)
Fast Food,Foods,Nyonya,17.9265,25.0,0,Budget ($0-25),Top Rated (4.5-5)
Fast Food,Foods,Nyonya,6.562,20.0,0,Budget ($0-25),Top Rated (4.5-5)
Fast Food,Foods,Nyonya,6.93,17.0,0,Budget ($0-25),Top Rated (4.5-5)
Fast Food,Foods,Nyonya,7.095,9.0,0,Budget ($0-25),Top Rated (4.5-5)
Fast Food,Foods,Sabahan,22.3635,52.0,0,Budget ($0-25),Top Rated (4.5-5)
Fast Food,Foods,Sarawakian,10.778,32.0,0,Budget ($0-25),Top Rated (4.5-5)
Fast Food,Foods,Sarawakian,21.329,15.0,0,Budget ($0-25),Top Rated (4.5-5)
Fast Food,Foods,Sarawakian,18.756,12.0,0,Budget ($0-25),Top Rated (4.5-5)
Fast Food,Foods,Sarawakian,8.208,9.0,0,Budget ($0-25),Top Rated (4.5-5)
Fast Food,Foods,Sarawakian,14.3565,8.0,0,Budget ($0-25),Top Rated (4.5-5)
Fast Food,Foods,Sarawakian,12.496,5.0,0,Budget ($0-25),Top Rated (4.5-5)
Fast Food,Foods,Western,23.31,100.0,0,Budget ($0-25),Top Rated (4.5-5)
Fine Dining,Foods,Chinese,11.232,9.0,0,Budget ($0-25),Top Rated (4.5-5)
Fine Dining,Foods,Chinese,6.426,8.0,0,Budget ($0-25),Top Rated (4.5-5)
Fine Dining,Foods,Chinese,23.436,5.0,0,Budget ($0-25),Top Rated (4.5-5)
Fine Dining,Foods,Chinese,14.472,4.0,0,Budget ($0-25),Good (4-4.4)
Fine Dining,Foods,Chinese,10.548,4.0,0,Budget ($0-25),Good (4-4.4)
Fine Dining,Foods,Chinese,18.234,3.0,0,Budget ($0-25),Average (3-3.9)
Fine Dining,Foods,Chinese,6.48,3.0,0,Budget ($0-25),Average (3-3.9)
Fine Dining,Foods,Chinese,13.626,3.0,0,Budget ($0-25),Average (3-3.9)
Fine Dining,Foods,Chinese,18.126,3.0,0,Budget ($0-25),Average (3-3.9)
Fine Dining,Foods,Indian,12.42,9.0,0,Budget ($0-25),Top Rated (4.5-5)
Fine Dining,Foods,Indian,7.362,8.0,0,Budget ($0-25),Top Rated (4.5-5)
Fine Dining,Foods,Indian,10.638,7.0,0,Budget ($0-25),Top Rated (4.5-5)
Fine Dining,Foods,Indian,14.562,6.0,0,Budget ($0-25),Top Rated (4.5-5)
Fine Dining,Foods,Indian,24.318,6.0,0,Budget ($0-25),Top Rated (4.5-5)
Fine Dining,Foods,Indian,5.706,5.0,0,Budget ($0-25),Top Rated (4.5-5)
Fine Dining,Foods,Indian,8.28,5.0,0,Budget ($0-25),Top Rated (4.5-5)
Fine Dining,Foods,Indian,10.81,3.0,0,Budget ($0-25),Average (3-3.9)
Fine Dining,Foods,Indian,10.134,3.0,0,Budget ($0-25),Average (3-3.9)
Fine Dining,Foods,Malay,4.86,11.0,0,Budget ($0-25),Top Rated (4.5-5)
Fine Dining,Foods,Malay,12.366,10.0,0,Budget ($0-25),Top Rated (4.5-5)
Fine Dining,Foods,Malay,13.014,10.0,0,Budget ($0-25),Top Rated (4.5-5)
Fine Dining,Foods,Malay,14.148,9.0,0,Budget ($0-25),Top Rated (4.5-5)
Fine Dining,Foods,Malay,7.65,9.0,0,Budget ($0-25),Top Rated (4.5-5)
Fine Dining,Foods,Malay,5.544,7.0,0,Budget ($0-25),Top Rated (4.5-5)
Fine Dining,Foods,Malay,6.408,6.0,0,Budget ($0-25),Top Rated (4.5-5)
Fine Dining,Foods,Malay,5.526,6.0,0,Budget ($0-25),Top Rated (4.5-5)
Fine Dining,Foods,Malay,3.762,6.0,0,Budget ($0-25),Top Rated (4.5-5)
Fine Dining,Foods,Malay,4.248,6.0,0,Budget ($0-25),Top Rated (4.5-5)
Fine Dining,Foods,Malay,5.382,6.0,0,Budget ($0-25),Top Rated (4.5-5)
Fine Dining,Foods,Malay,13.734,5.0,0,Budget ($0-25),Top Rated (4.5-5)
Fine Dining,Foods,Malay,6.192,5.0,0,Budget ($0-25),Top Rated (4.5-5)
Fine Dining,Foods,Malay,5.418,5.0,0,Budget ($0-25),Top Rated (4.5-5)
Fine Dining,Foods,Malay,6.228,4.0,0,Budget ($0-25),Good (4-4.4)
Fine Dining,Foods,Malay,6.336,4.0,0,Budget ($0-25),Good (4-4.4)
Fine Dining,Foods,Malay,5.886,4.0,0,Budget ($0-25),Good (4-4.4)
Fine Dining,Foods,Malay,14.634,4.0,0,Budget ($0-25),Good (4-4.4)
Fine Dining,Foods,Malay,9.63,4.0,0,Budget ($0-25),Good (4-4.4)
Fine Dining,Foods,Malay,4.176,4.0,0,Budget ($0-25),Good (4-4.4)
Fine Dining,Foods,Malay,4.014,4.0,0,Budget ($0-25),Good (4-4.4)
Fine Dining,Foods,Malay,10.998,3.0,0,Budget ($0-25),Average (3-3.9)
Fine Dining,Foods,Malay,3.762,3.0,0,Budget ($0-25),Average (3-3.9)
Fine Dining,Foods,Malay,4.752,3.0,0,Budget ($0-25),Average (3-3.9)
Fine Dining,Foods,Malay,4.77,3.0,0,Budget ($0-25),Average (3-3.9)
Fine Dining,Foods,Malaysian,4.5,9.0,0,Budget ($0-25),Top Rated (4.5-5)
Fine Dining,Foods,Malaysian,4.95,8.0,0,Budget ($0-25),Top Rated (4.5-5)
Fine Dining,Foods,Malaysian,8.532,7.0,0,Budget ($0-25),Top Rated (4.5-5)
Fine Dining,Foods,Malaysian,10.026,6.0,0,Budget ($0-25),Top Rated (4.5-5)
Fine Dining,Foods,Malaysian,6.192,5.0,0,Budget ($0-25),Top Rated (4.5-5)
Fine Dining,Foods,Malaysian,3.636,5.0,0,Budget ($0-25),Top Rated (4.5-5)
Fine Dining,Foods,Malaysian,2.592,5.0,0,Budget ($0-25),Top Rated (4.5-5)
Fine Dining,Foods,Malaysian,4.662,4.0,0,Budget ($0-25),Good (4-4.4)
Fine Dining,Foods,Malaysian,12.006,4.0,0,Budget ($0-25),Good (4-4.4)
Fine Dining,Foods,Malaysian,5.85,4.0,0,Budget ($0-25),Good (4-4.4)
Fine Dining,Foods,Malaysian,6.228,3.0,0,Budget ($0-25),Average (3-3.9)
Fine Dining,Foods,Malaysian,5.148,3.0,0,Budget ($0-25),Average (3-3.9)
Fine Dining,Foods,Malaysian,4.338,3.0,0,Budget ($0-25),Average (3-3.9)
Fine Dining,Foods,Nyonya,7.488,14.0,0,Budget ($0-25),Top Rated (4.5-5)
Fine Dining,Foods,Nyonya,10.044,9.0,0,Budget ($0-25),Top Rated (4.5-5)
Fine Dining,Foods,Nyonya,4.986,5.0,0,Budget ($0-25),Top Rated (4.5-5)
Fine Dining,Foods,Nyonya,8.226,5.0,0,Budget ($0-25),Top Rated (4.5-5)
Fine Dining,Foods,Nyonya,7.038,5.0,0,Budget ($0-25),Top Rated (4.5-5)
Fine Dining,Foods,Nyonya,4.644,4.0,0,Budget ($0-25),Good (4-4.4)
Fine Dining,Foods,Sabahan,6.66,14.0,0,Budget ($0-25),Top Rated (4.5-5)
Fine Dining,Foods,Sabahan,17.424,11.0,0,Budget ($0-25),Top Rated (4.5-5)
Fine Dining,Foods,Sabahan,14.202,10.0,0,Budget ($0-25),Top Rated (4.5-5)
Fine Dining,Foods,Sabahan,5.4,3.0,0,Budget ($0-25),Average (3-3.9)
Fine Dining,Foods,Sabahan,12.942,3.0,0,Budget ($0-25),Average (3-3.9)
Fine Dining,Foods,Sarawakian,9.36,10.0,0,Budget ($0-25),Top Rated (4.5-5)
Fine Dining,Foods,Sarawakian,15.732,4.0,0,Budget ($0-25),Good (4-4.4)
Fine Dining,Foods,Western,11.412,8.0,0,Budget ($0-25),Top Rated (4.5-5)
Food Court,Foods,Chinese,23.12,72.0,0,Budget ($0-25),Top Rated (4.5-5)
Food Court,Foods,Chinese,8.007,56.0,0,Budget ($0-25),Top Rated (4.5-5)
Food Court,Foods,Chinese,9.288,55.0,0,Budget ($0-25),Top Rated (4.5-5)
Food Court,Foods,Chinese,8.9505,46.0,0,Budget ($0-25),Top Rated (4.5-5)
Food Court,Foods,Chinese,12.4865,44.0,0,Budget ($0-25),Top Rated (4.5-5)
Food Court,Foods,Chinese,7.378,40.0,0,Budget ($0-25),Top Rated (4.5-5)
Food Court,Foods,Chinese,9.69,33.0,0,Budget ($0-25),Top Rated (4.5-5)
Food Court,Foods,Chinese,8.1685,31.0,0,Budget ($0-25),Top Rated (4.5-5)
Food Court,Foods,Chinese,5.236,30.0,0,Budget ($0-25),Top Rated (4.5-5)
Food Court,Foods,Chinese,9.944,29.0,0,Budget ($0-25),Top Rated (4.5-5)
Food Court,Foods,Chinese,12.89,28.0,0,Budget ($0-25),Top Rated (4.5-5)
Food Court,Foods,Chinese,8.19,26.0,0,Budget ($0-25),Top Rated (4.5-5)
Food Court,Foods,Chinese,8.81,21.0,0,Budget ($0-25),Top Rated (4.5-5)
Food Court,Foods,Chinese,17.391,20.0,0,Budget ($0-25),Top Rated (4.5-5)
Food Court,Foods,Indian,11.2625,69.0,0,Budget ($0-25),Top Rated (4.5-5)
Food Court,Foods,Indian,5.8565,39.0,0,Budget ($0-25),Top Rated (4.5-5)
Food Court,Foods,Indian,7.3355,28.0,0,Budget ($0-25),Top Rated (4.5-5)
Food Court,Foods,Indian,6.27,9.0,0,Budget ($0-25),Top Rated (4.5-5)
Food Court,Foods,Malay,15.555,100.0,0,Budget ($0-25),Top Rated (4.5-5)
Food Court,Foods,Malay,9.24,55.0,0,Budget ($0-25),Top Rated (4.5-5)
Food Court,Foods,Malay,12.903,51.0,0,Budget ($0-25),Top Rated (4.5-5)
Food Court,Foods,Malay,8.84,42.0,0,Budget ($0-25),Top Rated (4.5-5)
Food Court,Foods,Malay,6.6385,34.0,0,Budget ($0-25),Top Rated (4.5-5)
Food Court,Foods,Malay,14.63,24.0,0,Budget ($0-25),Top Rated (4.5-5)
Food Court,Foods,Malay,8.75,23.0,0,Budget ($0-25),Top Rated (4.5-5)
Food Court,Foods,Malay,4.55,22.0,0,Budget ($0-25),Top Rated (4.5-5)
Food Court,Foods,Malay,8.7,17.0,0,Budget ($0-25),Top Rated (4.5-5)
Food Court,Foods,Malay,5.2105,14.0,0,Budget ($0-25),Top Rated (4.5-5)
Food Court,Foods,Malay,14.003,12.0,0,Budget ($0-25),Top Rated (4.5-5)
Food Court,Foods,Malay,6.072,10.0,0,Budget ($0-25),Top Rated (4.5-5)
Food Court,Foods,Malaysian,4.454,70.0,0,Budget ($0-25),Top Rated (4.5-5)
Food Court,Foods,Malaysian,3.29,53.0,0,Budget ($0-25),Top Rated (4.5-5)
Food Court,Foods,Malaysian,5.3295,37.0,0,Budget ($0-25),Top Rated (4.5-5)
Food Court,Foods,Malaysian,4.884,29.0,0,Budget ($0-25),Top Rated (4.5-5)
Food Court,Foods,Malaysian,4.641,26.0,0,Budget ($0-25),Top Rated (4.5-5)
Food Court,Foods,Malaysian,14.637,26.0,0,Budget ($0-25),Top Rated (4.5-5)
Food Court,Foods,Malaysian,5.0,19.0,0,Budget ($0-25),Top Rated (4.5-5)
Food Court,Foods,Malaysian,4.037,14.0,0,Budget ($0-25),Top Rated (4.5-5)
Food Court,Foods,Nyonya,9.7495,64.0,0,Budget ($0-25),Top Rated (4.5-5)
Food Court,Foods,Nyonya,5.74,10.0,0,Budget ($0-25),Top Rated (4.5-5)
Food Court,Foods,Sarawakian,8.21,52.0,0,Budget ($0-25),Top Rated (4.5-5)
Food Court,Foods,Sarawakian,10.4125,35.0,0,Budget ($0-25),Top Rated (4.5-5)
Food Court,Foods,Western,18.683,36.0,0,Budget ($0-25),Top Rated (4.5-5)
Food Court,Foods,Western,37.57,100.0,0,Mid ($26-50),Top Rated (4.5-5)
Street Food,Foods,Chinese,12.206,100.0,0,Budget ($0-25),Top Rated (4.5-5)
Street Food,Foods,Chinese,14.7135,100.0,0,Budget ($0-25),Top Rated (4.5-5)
Street Food,Foods,Chinese,6.0,100.0,0,Budget ($0-25),Top Rated (4.5-5)
Street Food,Foods,Chinese,24.7,69.0,0,Budget ($0-25),Top Rated (4.5-5)
Street Food,Foods,Chinese,12.32,67.0,0,Budget ($0-25),Top Rated (4.5-5)
Street Food,Foods,Chinese,19.737,63.0,0,Budget ($0-25),Top Rated (4.5-5)
Street Food,Foods,Chinese,10.03,55.0,0,Budget ($0-25),Top Rated (4.5-5)
Street Food,Foods,Chinese,3.2,42.0,0,Budget ($0-25),Top Rated (4.5-5)
Street Food,Foods,Chinese,15.16,41.0,0,Budget ($0-25),Top Rated (4.5-5)
Street Food,Foods,Chinese,6.644,40.0,0,Budget ($0-25),Top Rated (4.5-5)
Street Food,Foods,Chinese,3.597,31.0,0,Budget ($0-25),Top Rated (4.5-5)
Street Food,Foods,Chinese,15.64,30.0,0,Budget ($0-25),Top Rated (4.5-5)
Street Food,Foods,Chinese,10.043,28.0,0,Budget ($0-25),Top Rated (4.5-5)
Street Food,Foods,Chinese,11.34,21.0,0,Budget ($0-25),Top Rated (4.5-5)
Street Food,Foods,Indian,21.35,100.0,0,Budget ($0-25),Top Rated (4.5-5)
Street Food,Foods,Indian,18.964,68.0,0,Budget ($0-25),Top Rated (4.5-5)
Street Food,Foods,Indian,10.01,63.0,0,Budget ($0-25),Top Rated (4.5-5)
Street Food,Foods,Indian,14.74,58.0,0,Budget ($0-25),Top Rated (4.5-5)
Street Food,Foods,Indian,10.21,58.0,0,Budget ($0-25),Top Rated (4.5-5)
Street Food,Foods,Indian,9.13,38.0,0,Budget ($0-25),Top Rated (4.5-5)
Street Food,Foods,Indian,5.94,17.0,0,Budget ($0-25),Top Rated (4.5-5)
Street Food,Foods,Malay,16.83,100.0,0,Budget ($0-25),Top Rated (4.5-5)
Street Food,Foods,Malay,7.608,100.0,0,Budget ($0-25),Top Rated (4.5-5)
Street Food,Foods,Malay,11.61,82.0,0,Budget ($0-25),Top Rated (4.5-5)
Street Food,Foods,Malay,8.23,79.0,0,Budget ($0-25),Top Rated (4.5-5)
Street Food,Foods,Malay,11.05,79.0,0,Budget ($0-25),Top Rated (4.5-5)
Street Food,Foods,Malay,2.14,70.0,0,Budget ($0-25),Top Rated (4.5-5)
Street Food,Foods,Malay,7.26,67.0,0,Budget ($0-25),Top Rated (4.5-5)
Street Food,Foods,Malay,8.41,66.0,0,Budget ($0-25),Top Rated (4.5-5)
Street Food,Foods,Malay,3.22,62.0,0,Budget ($0-25),Top Rated (4.5-5)
Street Food,Foods,Malay,3.64,61.0,0,Budget ($0-25),Top Rated (4.5-5)
Street Food,Foods,Malay,3.223,60.0,0,Budget ($0-25),Top Rated (4.5-5)
Street Food,Foods,Malay,4.332,57.0,0,Budget ($0-25),Top Rated (4.5-5)
Street Food,Foods,Malay,5.355,55.0,0,Budget ($0-25),Top Rated (4.5-5)
Street Food,Foods,Malay,4.505,52.0,0,Budget ($0-25),Top Rated (4.5-5)
Street Food,Foods,Malay,3.5785,46.0,0,Budget ($0-25),Top Rated (4.5-5)
Street Food,Foods,Malay,5.083,46.0,0,Budget ($0-25),Top Rated (4.5-5)
Street Food,Foods,Malay,6.6045,44.0,0,Budget ($0-25),Top Rated (4.5-5)
Street Food,Foods,Malay,4.38,27.0,0,Budget ($0-25),Top Rated (4.5-5)
Street Food,Foods,Malaysian,4.4795,100.0,0,Budget ($0-25),Top Rated (4.5-5)
Street Food,Foods,Malaysian,5.5845,100.0,0,Budget ($0-25),Top Rated (4.5-5)
Street Food,Foods,Malaysian,3.696,88.0,0,Budget ($0-25),Top Rated (4.5-5)
Street Food,Foods,Malaysian,3.587,87.0,0,Budget ($0-25),Top Rated (4.5-5)
Street Food,Foods,Malaysian,3.5105,83.0,0,Budget ($0-25),Top Rated (4.5-5)
Street Food,Foods,Malaysian,7.98,82.0,0,Budget ($0-25),Top Rated (4.5-5)
Street Food,Foods,Malaysian,3.132,67.0,0,Budget ($0-25),Top Rated (4.5-5)
Street Food,Foods,Malaysian,2.123,57.0,0,Budget ($0-25),Top Rated (4.5-5)
Street Food,Foods,Malaysian,4.2585,57.0,0,Budget ($0-25),Top Rated (4.5-5)
Street Food,Foods,Malaysian,6.303,55.0,0,Budget ($0-25),Top Rated (4.5-5)
Street Food,Foods,Malaysian,2.99,38.0,0,Budget ($0-25),Top Rated (4.5-5)
Street Food,Foods,Malaysian,2.31,36.0,0,Budget ($0-25),Top Rated (4.5-5)
Street Food,Foods,Malaysian,2.23,25.0,0,Budget ($0-25),Top Rated (4.5-5)
Street Food,Foods,Malaysian,5.12,25.0,0,Budget ($0-25),Top Rated (4.5-5)
Street Food,Foods,Malaysian,1.958,24.0,0,Budget ($0-25),Top Rated (4.5-5)
Street Food,Foods,Nyonya,3.757,100.0,0,Budget ($0-25),Top Rated (4.5-5)
Street Food,Foods,Nyonya,6.256,97.0,0,Budget ($0-25),Top Rated (4.5-5)
Street Food,Foods,Nyonya,8.56,73.0,0,Budget ($0-25),Top Rated (4.5-5)
Street Food,Foods,Nyonya,6.54,44.0,0,Budget ($0-25),Top Rated (4.5-5)
Street Food,Foods,Nyonya,3.861,25.0,0,Budget ($0-25),Top Rated (4.5-5)
Street Food,Foods,Nyonya,5.33,24.0,0,Budget ($0-25),Top Rated (4.5-5)
Street Food,Foods,Sabahan,4.36,100.0,0,Budget ($0-25),Top Rated (4.5-5)
Street Food,Foods,Sabahan,9.492,100.0,0,Budget ($0-25),Top Rated (4.5-5)
Street Food,Foods,Sabahan,16.2605,60.0,0,Budget ($0-25),Top Rated (4.5-5)
Street Food,Foods,Sarawakian,7.3695,100.0,0,Budget ($0-25),Top Rated (4.5-5)
Street Food,Foods,Sarawakian,16.881,100.0,0,Budget ($0-25),Top Rated (4.5-5)
Street Food,Foods,Sarawakian,10.5315,100.0,0,Budget ($0-25),Top Rated (4.5-5)
Street Food,Foods,Sarawakian,8.041,100.0,0,Budget ($0-25),Top Rated (4.5-5)
Street Food,Foods,Sarawakian,9.8515,95.0,0,Budget ($0-25),Top Rated (4.5-5)
Nike,Shoes,Ball Pump,12.0,4.7,316,Budget ($0-25),Top Rated (4.5-5)
Nike,Shoes,Big Kids' Shoes,85.97,4.8,5,Premium ($51-100),Top Rated (4.5-5)
Nike,Shoes,Calf Sleeves,45.0,4.8,11,Mid ($26-50),Top Rated (4.5-5)
Nike,Shoes,Cap,28.0,5.0,1,Mid ($26-50),Top Rated (4.5-5)
Nike,Shoes,Little Kids' T-Shirt and Shorts Set,36.97,4.7,6,Mid ($26-50),Top Rated (4.5-5)
Nike,Shoes,Men's Basketball Shoes,119.97,4.7,3,Luxury ($101-250),Top Rated (4.5-5)
Nike,Shoes,Men's Logo T-Shirt,28.97,5.0,1,Mid ($26-50),Top Rated (4.5-5)
Nike,Shoes,Men's NBA T-Shirt,21.97,5.0,1,Budget ($0-25),Top Rated (4.5-5)
Nike,Shoes,Men's Overalls,140.0,4.9,11,Luxury ($101-250),Top Rated (4.5-5)
Nike,Shoes,Men's Shoes,92.97,4.8,5,Premium ($51-100),Top Rated (4.5-5)
Nike,Shoes,Men's Shoes,119.97,4.8,31,Luxury ($101-250),Top Rated (4.5-5)
Nike,Shoes,Men's Tights,24.97,4.3,152,Budget ($0-25),Good (4-4.4)
Nike,Shoes,Nike NBA Swingman Jersey,104.99,5.0,3,Luxury ($101-250),Top Rated (4.5-5)
Nike,Shoes,Ponytail Holder (9-Pack),10.97,3.9,15,Budget ($0-25),Average (3-3.9)
Nike,Shoes,Shoes,150.0,4.8,120,Luxury ($101-250),Top Rated (4.5-5)
Nike,Shoes,Strength Training Ball,26.97,5.0,1,Mid ($26-50),Top Rated (4.5-5)
Nike,Shoes,Sunglasses,69.97,5.0,1,Premium ($51-100),Top Rated (4.5-5)
Nike,Shoes,Tactical Boot,140.0,3.8,28,Luxury ($101-250),Average (3-3.9)
Nike,Shoes,Toddler T-Shirt and Shorts Set,32.97,5.0,3,Mid ($26-50),Top Rated (4.5-5)
Nike,Shoes,Toddler T-Shirt and Shorts Set,36.0,5.0,1,Mid ($26-50),Top Rated (4.5-5)
Nike,Shoes,Toddler Top and Leggings Set,36.97,5.0,1,Mid ($26-50),Top Rated (4.5-5)
Nike,Shoes,Women's Nike Dri-FIT Soccer Jersey Dress,90.0,5.0,1,Premium ($51-100),Top Rated (4.5-5)
Nike,Shoes,Women's Replica Baseball Jersey,115.0,4.8,5,Luxury ($101-250),Top Rated (4.5-5)
19-69,Skincare,Fragrance,30.0,4.4762,21,Mid ($26-50),Top Rated (4.5-5)
19-69,Skincare,Fragrance,30.0,4.25,16,Mid ($26-50),Good (4-4.4)
19-69,Skincare,Fragrance,35.0,3.6364,11,Mid ($26-50),Average (3-3.9)
19-69,Skincare,Fragrance,30.0,3.625,8,Mid ($26-50),Average (3-3.9)
19-69,Skincare,Fragrance,30.0,3.5714,7,Mid ($26-50),Average (3-3.9)
19-69,Skincare,Fragrance,30.0,3.2308,13,Mid ($26-50),Average (3-3.9)
19-69,Skincare,Fragrance,30.0,3.0,4,Mid ($26-50),Average (3-3.9)
19-69,Skincare,Fragrance,195.0,4.4762,21,Luxury ($101-250),Top Rated (4.5-5)
19-69,Skincare,Fragrance,195.0,4.25,16,Luxury ($101-250),Good (4-4.4)
19-69,Skincare,Fragrance,195.0,4.1538,13,Luxury ($101-250),Good (4-4.4)
19-69,Skincare,Fragrance,195.0,3.625,8,Luxury ($101-250),Average (3-3.9)
19-69,Skincare,Fragrance,195.0,3.5714,7,Luxury ($101-250),Average (3-3.9)
19-69,Skincare,Fragrance,195.0,3.2308,13,Luxury ($101-250),Average (3-3.9)
19-69,Skincare,Fragrance,195.0,3.0,4,Luxury ($101-250),Average (3-3.9)
54 Thrones,Skincare,Bath & Body,12.0,4.5175,143,Budget ($0-25),Top Rated (4.5-5)
54 Thrones,Skincare,Bath & Body,38.0,4.3256,258,Mid ($26-50),Good (4-4.4)
54 Thrones,Skincare,Bath & Body,29.0,3.561,41,Mid ($26-50),Average (3-3.9)
54 Thrones,Skincare,Bath & Body,80.0,4.2273,22,Premium ($51-100),Good (4-4.4)
ABBOTT,Skincare,Fragrance,26.0,4.8163,49,Mid ($26-50),Top Rated (4.5-5)
ABBOTT,Skincare,Fragrance,29.0,4.7778,9,Mid ($26-50),Top Rated (4.5-5)
ABBOTT,Skincare,Fragrance,29.0,4.7143,7,Mid ($26-50),Top Rated (4.5-5)
ABBOTT,Skincare,Fragrance,28.0,4.25,4,Mid ($26-50),Good (4-4.4)
ABBOTT,Skincare,Fragrance,29.0,4.1667,6,Mid ($26-50),Good (4-4.4)
ABBOTT,Skincare,Fragrance,29.0,3.8333,6,Mid ($26-50),Average (3-3.9)
ABBOTT,Skincare,Fragrance,29.0,3.7143,7,Mid ($26-50),Average (3-3.9)
ABBOTT,Skincare,Fragrance,84.0,4.625,8,Premium ($51-100),Top Rated (4.5-5)
ABBOTT,Skincare,Fragrance,84.0,4.619,21,Premium ($51-100),Top Rated (4.5-5)
ABBOTT,Skincare,Fragrance,84.0,4.6111,18,Premium ($51-100),Top Rated (4.5-5)
ABBOTT,Skincare,Fragrance,84.0,4.5882,17,Premium ($51-100),Top Rated (4.5-5)
ABBOTT,Skincare,Fragrance,84.0,4.1111,9,Premium ($51-100),Good (4-4.4)
ABBOTT,Skincare,Fragrance,84.0,4.0909,11,Premium ($51-100),Good (4-4.4)
AERIN,Skincare,Fragrance,35.0,4.3333,21,Mid ($26-50),Good (4-4.4)
AERIN,Skincare,Fragrance,35.0,4.2,50,Mid ($26-50),Good (4-4.4)
AERIN,Skincare,Fragrance,35.0,4.0714,14,Mid ($26-50),Good (4-4.4)
AERIN,Skincare,Fragrance,35.0,4.0,13,Mid ($26-50),Good (4-4.4)
AERIN,Skincare,Fragrance,35.0,3.7059,17,Mid ($26-50),Average (3-3.9)
AERIN,Skincare,Fragrance,35.0,3.3571,14,Mid ($26-50),Average (3-3.9)
AERIN,Skincare,Fragrance,100.0,2.0,1,Premium ($51-100),Low (1-2.9)
AERIN,Skincare,Fragrance,145.0,4.6667,24,Luxury ($101-250),Top Rated (4.5-5)
AERIN,Skincare,Fragrance,145.0,4.3833,120,Luxury ($101-250),Good (4-4.4)
AERIN,Skincare,Fragrance,145.0,4.3529,51,Luxury ($101-250),Good (4-4.4)
AERIN,Skincare,Fragrance,145.0,4.3529,17,Luxury ($101-250),Good (4-4.4)
AERIN,Skincare,Fragrance,200.0,4.3385,65,Luxury ($101-250),Good (4-4.4)
AERIN,Skincare,Fragrance,145.0,4.3333,60,Luxury ($101-250),Good (4-4.4)
AERIN,Skincare,Fragrance,145.0,4.2875,80,Luxury ($101-250),Good (4-4.4)
AERIN,Skincare,Fragrance,145.0,4.2158,139,Luxury ($101-250),Good (4-4.4)
AERIN,Skincare,Fragrance,145.0,3.6923,39,Luxury ($101-250),Average (3-3.9)
AERIN,Skincare,Fragrance,145.0,3.5,4,Luxury ($101-250),Average (3-3.9)
AERIN,Skincare,Fragrance,145.0,3.3571,14,Luxury ($101-250),Average (3-3.9)
AERIN,Skincare,Fragrance,135.0,3.2,10,Luxury ($101-250),Average (3-3.9)
AERIN,Skincare,Fragrance,260.0,4.5278,36,Ultra ($250+),Top Rated (4.5-5)
AERIN,Skincare,Makeup,35.0,4.26,527,Mid ($26-50),Good (4-4.4)
AERIN,Skincare,Mini Size,35.0,4.1875,48,Mid ($26-50),Good (4-4.4)
ALTERNA Haircare,Skincare,Hair,50.0,4.871,31,Mid ($26-50),Top Rated (4.5-5)
ALTERNA Haircare,Skincare,Hair,48.0,4.8615,65,Mid ($26-50),Top Rated (4.5-5)
ALTERNA Haircare,Skincare,Hair,48.0,4.8226,62,Mid ($26-50),Top Rated (4.5-5)
ALTERNA Haircare,Skincare,Hair,32.0,4.6927,192,Mid ($26-50),Top Rated (4.5-5)
ALTERNA Haircare,Skincare,Hair,35.0,4.6286,35,Mid ($26-50),Top Rated (4.5-5)
ALTERNA Haircare,Skincare,Hair,36.0,4.5957,94,Mid ($26-50),Top Rated (4.5-5)
ALTERNA Haircare,Skincare,Hair,48.0,4.5938,64,Mid ($26-50),Top Rated (4.5-5)
ALTERNA Haircare,Skincare,Hair,38.0,4.5606,66,Mid ($26-50),Top Rated (4.5-5)
ALTERNA Haircare,Skincare,Hair,30.0,4.5281,89,Mid ($26-50),Top Rated (4.5-5)
ALTERNA Haircare,Skincare,Hair,38.0,4.5164,122,Mid ($26-50),Top Rated (4.5-5)
ALTERNA Haircare,Skincare,Hair,32.0,4.4488,205,Mid ($26-50),Top Rated (4.5-5)
ALTERNA Haircare,Skincare,Hair,26.0,4.4268,157,Mid ($26-50),Top Rated (4.5-5)
ALTERNA Haircare,Skincare,Hair,38.0,4.4203,69,Mid ($26-50),Top Rated (4.5-5)
ALTERNA Haircare,Skincare,Hair,35.0,4.3879,116,Mid ($26-50),Good (4-4.4)
ALTERNA Haircare,Skincare,Hair,40.0,4.3761,452,Mid ($26-50),Good (4-4.4)
ALTERNA Haircare,Skincare,Hair,34.0,4.3662,213,Mid ($26-50),Good (4-4.4)
ALTERNA Haircare,Skincare,Hair,30.0,4.2685,391,Mid ($26-50),Good (4-4.4)
ALTERNA Haircare,Skincare,Hair,28.0,4.2628,156,Mid ($26-50),Good (4-4.4)
ALTERNA Haircare,Skincare,Hair,35.0,4.2482,963,Mid ($26-50),Good (4-4.4)
ALTERNA Haircare,Skincare,Hair,32.0,4.2381,21,Mid ($26-50),Good (4-4.4)
ALTERNA Haircare,Skincare,Hair,28.0,4.225,160,Mid ($26-50),Good (4-4.4)
ALTERNA Haircare,Skincare,Hair,32.0,4.195,159,Mid ($26-50),Good (4-4.4)
ALTERNA Haircare,Skincare,Hair,30.0,4.189,164,Mid ($26-50),Good (4-4.4)
ALTERNA Haircare,Skincare,Hair,30.0,4.1863,102,Mid ($26-50),Good (4-4.4)
ALTERNA Haircare,Skincare,Hair,32.0,4.1563,64,Mid ($26-50),Good (4-4.4)
ALTERNA Haircare,Skincare,Hair,36.0,4.1518,112,Mid ($26-50),Good (4-4.4)
ALTERNA Haircare,Skincare,Hair,32.0,4.1513,119,Mid ($26-50),Good (4-4.4)
ALTERNA Haircare,Skincare,Hair,36.0,4.1471,102,Mid ($26-50),Good (4-4.4)
ALTERNA Haircare,Skincare,Hair,34.0,4.1325,166,Mid ($26-50),Good (4-4.4)
ALTERNA Haircare,Skincare,Hair,35.0,4.1298,208,Mid ($26-50),Good (4-4.4)
ALTERNA Haircare,Skincare,Hair,35.0,4.0833,36,Mid ($26-50),Good (4-4.4)
ALTERNA Haircare,Skincare,Hair,38.0,4.0615,130,Mid ($26-50),Good (4-4.4)
ALTERNA Haircare,Skincare,Hair,35.0,4.0569,123,Mid ($26-50),Good (4-4.4)
ALTERNA Haircare,Skincare,Hair,30.0,4.0232,1721,Mid ($26-50),Good (4-4.4)
ALTERNA Haircare,Skincare,Hair,38.0,4.0124,242,Mid ($26-50),Good (4-4.4)
ALTERNA Haircare,Skincare,Hair,38.0,4.0101,199,Mid ($26-50),Good (4-4.4)
ALTERNA Haircare,Skincare,Hair,36.0,4.0,20,Mid ($26-50),Good (4-4.4)
ALTERNA Haircare,Skincare,Hair,45.0,3.9368,95,Mid ($26-50),Good (4-4.4)
ALTERNA Haircare,Skincare,Hair,35.0,3.9127,126,Mid ($26-50),Good (4-4.4)
ALTERNA Haircare,Skincare,Hair,29.0,3.7903,124,Mid ($26-50),Average (3-3.9)
ALTERNA Haircare,Skincare,Hair,37.0,3.3333,18,Mid ($26-50),Average (3-3.9)
ALTERNA Haircare,Skincare,Hair,56.0,4.963,27,Premium ($51-100),Top Rated (4.5-5)
ALTERNA Haircare,Skincare,Hair,55.0,4.4528,890,Premium ($51-100),Top Rated (4.5-5)
ALTERNA Haircare,Skincare,Hair,100.0,3.6667,3,Premium ($51-100),Average (3-3.9)
Acqua di Parma,Skincare,Bath & Body,55.0,3.2,10,Premium ($51-100),Average (3-3.9)
Acqua di Parma,Skincare,Fragrance,84.0,4.4359,39,Premium ($51-100),Top Rated (4.5-5)
Acqua di Parma,Skincare,Fragrance,82.0,4.0,2,Premium ($51-100),Good (4-4.4)
Acqua di Parma,Skincare,Fragrance,84.0,3.9459,37,Premium ($51-100),Good (4-4.4)
Acqua di Parma,Skincare,Fragrance,112.0,5.0,1,Luxury ($101-250),Top Rated (4.5-5)
Acqua di Parma,Skincare,Fragrance,135.0,4.6667,6,Luxury ($101-250),Top Rated (4.5-5)
Acqua di Parma,Skincare,Fragrance,112.0,4.625,8,Luxury ($101-250),Top Rated (4.5-5)
Acqua di Parma,Skincare,Fragrance,130.0,4.5714,7,Luxury ($101-250),Top Rated (4.5-5)
Acqua di Parma,Skincare,Fragrance,130.0,4.5333,15,Luxury ($101-250),Top Rated (4.5-5)
Acqua di Parma,Skincare,Fragrance,210.0,4.2791,43,Luxury ($101-250),Good (4-4.4)
Acqua di Parma,Skincare,Fragrance,181.0,4.2125,80,Luxury ($101-250),Good (4-4.4)
Acqua di Parma,Skincare,Fragrance,112.0,2.6667,3,Luxury ($101-250),Low (1-2.9)
Acqua di Parma,Skincare,Fragrance,295.0,4.2632,19,Ultra ($250+),Good (4-4.4)
Acqua di Parma,Skincare,Mini Size,77.0,3.3333,12,Premium ($51-100),Average (3-3.9)
Algenist,Skincare,Bath & Body,38.0,4.175,40,Mid ($26-50),Good (4-4.4)
Algenist,Skincare,Skincare,25.0,3.4412,34,Budget ($0-25),Average (3-3.9)
Algenist,Skincare,Skincare,40.0,4.7939,165,Mid ($26-50),Top Rated (4.5-5)
Algenist,Skincare,Skincare,28.0,4.4134,508,Mid ($26-50),Top Rated (4.5-5)
Algenist,Skincare,Skincare,38.0,4.3729,118,Mid ($26-50),Good (4-4.4)
Algenist,Skincare,Skincare,28.0,4.2689,264,Mid ($26-50),Good (4-4.4)
Algenist,Skincare,Skincare,38.0,4.0569,334,Mid ($26-50),Good (4-4.4)
Algenist,Skincare,Skincare,29.0,3.8721,649,Mid ($26-50),Average (3-3.9)
Algenist,Skincare,Skincare,40.0,3.2,30,Mid ($26-50),Average (3-3.9)
Algenist,Skincare,Skincare,44.0,3.0,1,Mid ($26-50),Average (3-3.9)
Algenist,Skincare,Skincare,88.0,4.8023,258,Premium ($51-100),Top Rated (4.5-5)
Algenist,Skincare,Skincare,65.0,4.6982,169,Premium ($51-100),Top Rated (4.5-5)
Algenist,Skincare,Skincare,72.0,4.6087,207,Premium ($51-100),Top Rated (4.5-5)
Algenist,Skincare,Skincare,98.0,4.5413,1321,Premium ($51-100),Top Rated (4.5-5)
Algenist,Skincare,Skincare,68.0,4.5306,1142,Premium ($51-100),Top Rated (4.5-5)
Algenist,Skincare,Skincare,58.0,4.464,125,Premium ($51-100),Top Rated (4.5-5)
Algenist,Skincare,Skincare,82.0,4.4531,245,Premium ($51-100),Top Rated (4.5-5)
Algenist,Skincare,Skincare,95.0,4.3854,205,Premium ($51-100),Good (4-4.4)
Algenist,Skincare,Skincare,94.0,4.3808,239,Premium ($51-100),Good (4-4.4)
Algenist,Skincare,Skincare,96.0,4.3243,37,Premium ($51-100),Good (4-4.4)
Algenist,Skincare,Skincare,94.0,4.2715,221,Premium ($51-100),Good (4-4.4)
Algenist,Skincare,Skincare,85.0,4.213,108,Premium ($51-100),Good (4-4.4)
Algenist,Skincare,Skincare,85.0,4.1818,77,Premium ($51-100),Good (4-4.4)
Algenist,Skincare,Skincare,98.0,4.1026,39,Premium ($51-100),Good (4-4.4)
Algenist,Skincare,Skincare,70.0,4.023,87,Premium ($51-100),Good (4-4.4)
Algenist,Skincare,Skincare,85.0,3.97,100,Premium ($51-100),Good (4-4.4)
Algenist,Skincare,Skincare,84.0,3.8889,18,Premium ($51-100),Average (3-3.9)
Algenist,Skincare,Skincare,74.0,3.7759,116,Premium ($51-100),Average (3-3.9)
Algenist,Skincare,Skincare,72.0,3.2581,31,Premium ($51-100),Average (3-3.9)
Algenist,Skincare,Skincare,112.0,4.2525,503,Luxury ($101-250),Good (4-4.4)
Algenist,Skincare,Skincare,115.0,4.0259,1159,Luxury ($101-250),Good (4-4.4)
Algenist,Skincare,Skincare,118.0,3.9825,229,Luxury ($101-250),Good (4-4.4)
Alpha-H,Skincare,Skincare,22.0,4.0,34,Budget ($0-25),Good (4-4.4)
Alpha-H,Skincare,Skincare,38.0,4.5455,77,Mid ($26-50),Top Rated (4.5-5)
Alpha-H,Skincare,Skincare,38.0,4.25,12,Mid ($26-50),Good (4-4.4)
Alpha-H,Skincare,Skincare,56.0,4.5093,915,Premium ($51-100),Top Rated (4.5-5)
Alpha-H,Skincare,Skincare,65.0,4.3579,95,Premium ($51-100),Good (4-4.4)
Alpha-H,Skincare,Skincare,65.0,4.2619,84,Premium ($51-100),Good (4-4.4)
Alpha-H,Skincare,Skincare,82.0,3.8824,17,Premium ($51-100),Average (3-3.9)
Alpha-H,Skincare,Skincare,105.0,5.0,16,Luxury ($101-250),Top Rated (4.5-5)
Alpha-H,Skincare,Skincare,106.0,4.6,15,Luxury ($101-250),Top Rated (4.5-5)
Ami Colé,Skincare,Makeup,22.0,5.0,4,Budget ($0-25),Top Rated (4.5-5)
Ami Colé,Skincare,Makeup,20.0,4.8889,9,Budget ($0-25),Top Rated (4.5-5)
Ami Colé,Skincare,Makeup,22.0,4.75,8,Budget ($0-25),Top Rated (4.5-5)
Ami Colé,Skincare,Makeup,20.0,4.7053,95,Budget ($0-25),Top Rated (4.5-5)
Ami Colé,Skincare,Makeup,24.0,4.6429,14,Budget ($0-25),Top Rated (4.5-5)
Ami Colé,Skincare,Makeup,22.0,4.5714,21,Budget ($0-25),Top Rated (4.5-5)
Ami Colé,Skincare,Makeup,19.0,4.1842,38,Budget ($0-25),Good (4-4.4)
Ami Colé,Skincare,Makeup,32.0,4.8966,58,Mid ($26-50),Top Rated (4.5-5)
Ami Colé,Skincare,Makeup,60.0,4.5,2,Premium ($51-100),Top Rated (4.5-5)
Anastasia Beverly Hills,Skincare,Makeup,18.0,4.7427,1551,Budget ($0-25),Top Rated (4.5-5)
Anastasia Beverly Hills,Skincare,Makeup,23.0,4.695,5086,Budget ($0-25),Top Rated (4.5-5)
Anastasia Beverly Hills,Skincare,Makeup,18.0,4.6818,1122,Budget ($0-25),Top Rated (4.5-5)
Anastasia Beverly Hills,Skincare,Makeup,21.0,4.6701,11158,Budget ($0-25),Top Rated (4.5-5)
Anastasia Beverly Hills,Skincare,Makeup,18.0,4.6577,1335,Budget ($0-25),Top Rated (4.5-5)
Anastasia Beverly Hills,Skincare,Makeup,23.0,4.6062,1427,Budget ($0-25),Top Rated (4.5-5)
Anastasia Beverly Hills,Skincare,Makeup,12.0,4.4696,790,Budget ($0-25),Top Rated (4.5-5)
Anastasia Beverly Hills,Skincare,Makeup,23.0,4.4611,501,Budget ($0-25),Top Rated (4.5-5)
Anastasia Beverly Hills,Skincare,Makeup,16.0,4.4551,1672,Budget ($0-25),Top Rated (4.5-5)
Anastasia Beverly Hills,Skincare,Makeup,23.0,4.4411,2156,Budget ($0-25),Top Rated (4.5-5)
Anastasia Beverly Hills,Skincare,Makeup,22.0,4.4206,4826,Budget ($0-25),Top Rated (4.5-5)
Anastasia Beverly Hills,Skincare,Makeup,25.0,4.4056,15885,Budget ($0-25),Top Rated (4.5-5)
Anastasia Beverly Hills,Skincare,Makeup,18.0,4.3528,326,Budget ($0-25),Good (4-4.4)
Anastasia Beverly Hills,Skincare,Makeup,12.0,4.259,749,Budget ($0-25),Good (4-4.4)
Anastasia Beverly Hills,Skincare,Makeup,17.0,4.2,290,Budget ($0-25),Good (4-4.4)
Anastasia Beverly Hills,Skincare,Makeup,9.0,4.1889,90,Budget ($0-25),Good (4-4.4)
Anastasia Beverly Hills,Skincare,Makeup,22.0,4.1864,2640,Budget ($0-25),Good (4-4.4)
Anastasia Beverly Hills,Skincare,Makeup,16.0,4.1481,270,Budget ($0-25),Good (4-4.4)
Anastasia Beverly Hills,Skincare,Makeup,18.0,4.0611,360,Budget ($0-25),Good (4-4.4)
Anastasia Beverly Hills,Skincare,Makeup,25.0,4.0303,330,Budget ($0-25),Good (4-4.4)
Anastasia Beverly Hills,Skincare,Makeup,22.0,3.9654,866,Budget ($0-25),Good (4-4.4)
Anastasia Beverly Hills,Skincare,Makeup,23.0,3.9071,2293,Budget ($0-25),Good (4-4.4)
Anastasia Beverly Hills,Skincare,Makeup,25.0,3.8846,26,Budget ($0-25),Average (3-3.9)
Anastasia Beverly Hills,Skincare,Makeup,20.0,3.8268,4238,Budget ($0-25),Average (3-3.9)
Anastasia Beverly Hills,Skincare,Makeup,25.0,3.8262,351,Budget ($0-25),Average (3-3.9)
Anastasia Beverly Hills,Skincare,Makeup,20.0,3.7853,1076,Budget ($0-25),Average (3-3.9)
Anastasia Beverly Hills,Skincare,Makeup,25.0,3.4315,1868,Budget ($0-25),Average (3-3.9)
Anastasia Beverly Hills,Skincare,Makeup,18.0,3.4277,346,Budget ($0-25),Average (3-3.9)
Anastasia Beverly Hills,Skincare,Makeup,9.0,3.3403,573,Budget ($0-25),Average (3-3.9)
Anastasia Beverly Hills,Skincare,Makeup,45.0,4.7931,9133,Mid ($26-50),Top Rated (4.5-5)
Anastasia Beverly Hills,Skincare,Makeup,40.0,4.7197,2176,Mid ($26-50),Top Rated (4.5-5)
Anastasia Beverly Hills,Skincare,Makeup,45.0,4.7068,2858,Mid ($26-50),Top Rated (4.5-5)
Anastasia Beverly Hills,Skincare,Makeup,30.0,4.6617,470,Mid ($26-50),Top Rated (4.5-5)
Anastasia Beverly Hills,Skincare,Makeup,40.0,4.6467,917,Mid ($26-50),Top Rated (4.5-5)
Anastasia Beverly Hills,Skincare,Makeup,32.0,4.6228,729,Mid ($26-50),Top Rated (4.5-5)
Anastasia Beverly Hills,Skincare,Makeup,29.0,4.551,2717,Mid ($26-50),Top Rated (4.5-5)
Anastasia Beverly Hills,Skincare,Makeup,35.0,4.5417,707,Mid ($26-50),Top Rated (4.5-5)
Anastasia Beverly Hills,Skincare,Makeup,38.0,4.534,824,Mid ($26-50),Top Rated (4.5-5)
Anastasia Beverly Hills,Skincare,Makeup,28.0,4.5012,433,Mid ($26-50),Top Rated (4.5-5)
Anastasia Beverly Hills,Skincare,Makeup,29.0,4.3553,76,Mid ($26-50),Good (4-4.4)
Anastasia Beverly Hills,Skincare,Makeup,29.0,4.3269,364,Mid ($26-50),Good (4-4.4)
Anastasia Beverly Hills,Skincare,Makeup,26.0,4.2373,316,Mid ($26-50),Good (4-4.4)
Anastasia Beverly Hills,Skincare,Makeup,38.0,4.1304,1902,Mid ($26-50),Good (4-4.4)
Anastasia Beverly Hills,Skincare,Makeup,40.0,4.0975,2399,Mid ($26-50),Good (4-4.4)
Anastasia Beverly Hills,Skincare,Makeup,26.0,4.0746,4127,Mid ($26-50),Good (4-4.4)
Anastasia Beverly Hills,Skincare,Makeup,60.0,4.8206,457,Premium ($51-100),Top Rated (4.5-5)
Anastasia Beverly Hills,Skincare,Makeup,60.0,4.7151,179,Premium ($51-100),Top Rated (4.5-5)
Anastasia Beverly Hills,Skincare,Makeup,60.0,4.601,193,Premium ($51-100),Top Rated (4.5-5)
Anastasia Beverly Hills,Skincare,Makeup,60.0,4.5069,144,Premium ($51-100),Top Rated (4.5-5)
Anastasia Beverly Hills,Skincare,Makeup,60.0,4.5,116,Premium ($51-100),Top Rated (4.5-5)
Anastasia Beverly Hills,Skincare,Mini Size,29.0,4.4737,114,Mid ($26-50),Top Rated (4.5-5)
Anastasia Beverly Hills,Skincare,Tools & Brushes,20.0,3.4681,658,Budget ($0-25),Average (3-3.9)
Anastasia Beverly Hills,Skincare,Tools & Brushes,28.0,4.4991,527,Mid ($26-50),Top Rated (4.5-5)
adwoa beauty,Skincare,Hair,24.0,4.5359,237,Budget ($0-25),Top Rated (4.5-5)
adwoa beauty,Skincare,Hair,24.0,4.3826,1265,Budget ($0-25),Good (4-4.4)
adwoa beauty,Skincare,Hair,25.0,4.3495,186,Budget ($0-25),Good (4-4.4)
adwoa beauty,Skincare,Hair,25.0,4.3109,193,Budget ($0-25),Good (4-4.4)
adwoa beauty,Skincare,Hair,15.0,4.2,5,Budget ($0-25),Good (4-4.4)
adwoa beauty,Skincare,Hair,24.0,4.1324,136,Budget ($0-25),Good (4-4.4)
adwoa beauty,Skincare,Hair,40.0,4.7581,492,Mid ($26-50),Top Rated (4.5-5)
adwoa beauty,Skincare,Hair,36.0,4.6465,215,Mid ($26-50),Top Rated (4.5-5)
adwoa beauty,Skincare,Hair,26.0,4.5762,210,Mid ($26-50),Top Rated (4.5-5)
adwoa beauty,Skincare,Hair,32.0,4.5635,252,Mid ($26-50),Top Rated (4.5-5)
adwoa beauty,Skincare,Hair,39.0,4.5273,311,Mid ($26-50),Top Rated (4.5-5)
adwoa beauty,Skincare,Hair,32.0,4.4188,234,Mid ($26-50),Top Rated (4.5-5)
adwoa beauty,Skincare,Hair,26.0,4.3472,144,Mid ($26-50),Good (4-4.4)
adwoa beauty,Skincare,Hair,56.0,4.7283,173,Premium ($51-100),Top Rated (4.5-5)
alpyn beauty,Skincare,Mini Size,23.0,4.85,20,Budget ($0-25),Top Rated (4.5-5)
alpyn beauty,Skincare,Skincare,25.0,4.5806,31,Budget ($0-25),Top Rated (4.5-5)
alpyn beauty,Skincare,Skincare,39.0,4.9231,91,Mid ($26-50),Top Rated (4.5-5)
alpyn beauty,Skincare,Skincare,39.0,4.895,238,Mid ($26-50),Top Rated (4.5-5)
alpyn beauty,Skincare,Skincare,49.0,4.8889,18,Mid ($26-50),Top Rated (4.5-5)
alpyn beauty,Skincare,Skincare,49.0,4.5422,225,Mid ($26-50),Top Rated (4.5-5)
alpyn beauty,Skincare,Skincare,28.0,4.5405,148,Mid ($26-50),Top Rated (4.5-5)
alpyn beauty,Skincare,Skincare,36.0,4.3832,167,Mid ($26-50),Good (4-4.4)
alpyn beauty,Skincare,Skincare,58.0,4.7631,287,Premium ($51-100),Top Rated (4.5-5)
alpyn beauty,Skincare,Skincare,56.0,4.6801,347,Premium ($51-100),Top Rated (4.5-5)
alpyn beauty,Skincare,Skincare,60.0,4.514,465,Premium ($51-100),Top Rated (4.5-5)
alpyn beauty,Skincare,Skincare,59.0,4.503,167,Premium ($51-100),Top Rated (4.5-5)
alpyn beauty,Skincare,Skincare,62.0,4.3206,262,Premium ($51-100),Good (4-4.4)
amika,Skincare,Hair,16.0,4.375,8,Budget ($0-25),Good (4-4.4)
amika,Skincare,Hair,23.0,3.6875,64,Budget ($0-25),Average (3-3.9)
amika,Skincare,Hair,23.0,3.6429,42,Budget ($0-25),Average (3-3.9)
amika,Skincare,Hair,23.0,3.5507,69,Budget ($0-25),Average (3-3.9)
amika,Skincare,Hair,15.0,3.4286,7,Budget ($0-25),Average (3-3.9)
amika,Skincare,Hair,23.0,3.3309,139,Budget ($0-25),Average (3-3.9)
amika,Skincare,Hair,39.0,5.0,17,Mid ($26-50),Top Rated (4.5-5)
amika,Skincare,Hair,30.0,4.6923,52,Mid ($26-50),Top Rated (4.5-5)
amika,Skincare,Hair,38.0,4.6667,3,Mid ($26-50),Top Rated (4.5-5)
amika,Skincare,Hair,28.0,4.6388,335,Mid ($26-50),Top Rated (4.5-5)
amika,Skincare,Hair,40.0,4.5556,144,Mid ($26-50),Top Rated (4.5-5)
amika,Skincare,Hair,40.0,4.5346,159,Mid ($26-50),Top Rated (4.5-5)
amika,Skincare,Hair,32.0,4.5027,561,Mid ($26-50),Top Rated (4.5-5)
amika,Skincare,Hair,28.0,4.4352,108,Mid ($26-50),Top Rated (4.5-5)
amika,Skincare,Hair,28.0,4.4057,2179,Mid ($26-50),Top Rated (4.5-5)
amika,Skincare,Hair,32.0,4.4028,1621,Mid ($26-50),Top Rated (4.5-5)
amika,Skincare,Hair,28.0,4.4,10,Mid ($26-50),Good (4-4.4)
amika,Skincare,Hair,28.0,4.3739,115,Mid ($26-50),Good (4-4.4)
amika,Skincare,Hair,29.0,4.3538,65,Mid ($26-50),Good (4-4.4)
amika,Skincare,Hair,28.0,4.3292,161,Mid ($26-50),Good (4-4.4)
amika,Skincare,Hair,26.0,4.3033,122,Mid ($26-50),Good (4-4.4)
amika,Skincare,Hair,28.0,4.2951,61,Mid ($26-50),Good (4-4.4)
amika,Skincare,Hair,28.0,4.2941,51,Mid ($26-50),Good (4-4.4)
amika,Skincare,Hair,30.0,4.2588,85,Mid ($26-50),Good (4-4.4)
amika,Skincare,Hair,29.0,4.2243,749,Mid ($26-50),Good (4-4.4)
amika,Skincare,Hair,28.0,4.2192,73,Mid ($26-50),Good (4-4.4)
amika,Skincare,Hair,28.0,4.1951,82,Mid ($26-50),Good (4-4.4)
amika,Skincare,Hair,29.0,4.16,25,Mid ($26-50),Good (4-4.4)
amika,Skincare,Hair,28.0,4.1053,19,Mid ($26-50),Good (4-4.4)
amika,Skincare,Hair,26.0,3.9158,190,Mid ($26-50),Good (4-4.4)
amika,Skincare,Hair,26.0,3.8838,198,Mid ($26-50),Average (3-3.9)
amika,Skincare,Hair,30.0,3.8358,67,Mid ($26-50),Average (3-3.9)
amika,Skincare,Hair,28.0,3.8214,28,Mid ($26-50),Average (3-3.9)
amika,Skincare,Hair,32.0,3.8,45,Mid ($26-50),Average (3-3.9)
amika,Skincare,Hair,28.0,3.62,50,Mid ($26-50),Average (3-3.9)
amika,Skincare,Hair,26.0,3.4615,13,Mid ($26-50),Average (3-3.9)
amika,Skincare,Hair,28.0,3.4,10,Mid ($26-50),Average (3-3.9)
amika,Skincare,Hair,40.0,2.3333,9,Mid ($26-50),Low (1-2.9)
amika,Skincare,Hair,98.0,3.9502,201,Premium ($51-100),Good (4-4.4)
amika,Skincare,Hair,58.0,3.625,16,Premium ($51-100),Average (3-3.9)
amika,Skincare,Hair,100.0,3.28,125,Premium ($51-100),Average (3-3.9)
amika,Skincare,Hair,120.0,4.4318,44,Luxury ($101-250),Top Rated (4.5-5)
amika,Skincare,Hair,200.0,4.3214,28,Luxury ($101-250),Good (4-4.4)
amika,Skincare,Hair,120.0,4.3103,116,Luxury ($101-250),Good (4-4.4)
amika,Skincare,Hair,120.0,4.0,176,Luxury ($101-250),Good (4-4.4)
amika,Skincare,Hair,120.0,3.5172,29,Luxury ($101-250),Average (3-3.9)
amika,Skincare,Hair,150.0,3.0526,38,Luxury ($101-250),Average (3-3.9)
amika,Skincare,Mini Size,18.0,4.0766,235,Budget ($0-25),Good (4-4.4)
amika,Skincare,Mini Size,10.0,3.9412,17,Budget ($0-25),Good (4-4.4)
19-69,skincare,Fragrance,35.0,3.6364,11,Mid ($26-50),Average (3-3.9)
19-69,skincare,Fragrance,195.0,4.1538,13,Luxury ($101-250),Good (4-4.4)
19-69,skincare,Fragrance,195.0,4.25,16,Luxury ($101-250),Good (4-4.4)
19-69,skincare,Fragrance,195.0,4.4762,21,Luxury ($101-250),Top Rated (4.5-5)
19-69,skincare,Fragrance,195.0,3.2308,13,Luxury ($101-250),Average (3-3.9)
19-69,skincare,Fragrance,30.0,4.4762,21,Mid ($26-50),Top Rated (4.5-5)
19-69,skincare,Fragrance,30.0,3.2308,13,Mid ($26-50),Average (3-3.9)
19-69,skincare,Fragrance,195.0,3.625,8,Luxury ($101-250),Average (3-3.9)
19-69,skincare,Fragrance,195.0,3.5714,7,Luxury ($101-250),Average (3-3.9)
19-69,skincare,Fragrance,30.0,3.625,8,Mid ($26-50),Average (3-3.9)
19-69,skincare,Fragrance,30.0,4.25,16,Mid ($26-50),Good (4-4.4)
19-69,skincare,Fragrance,30.0,3.5714,7,Mid ($26-50),Average (3-3.9)
19-69,skincare,Fragrance,195.0,3.0,4,Luxury ($101-250),Average (3-3.9)
19-69,skincare,Fragrance,30.0,3.0,4,Mid ($26-50),Average (3-3.9)
54 Thrones,skincare,Bath & Body,38.0,4.3256,258,Mid ($26-50),Good (4-4.4)
54 Thrones,skincare,Bath & Body,29.0,3.561,41,Mid ($26-50),Average (3-3.9)
54 Thrones,skincare,Bath & Body,80.0,4.2273,22,Premium ($51-100),Good (4-4.4)
54 Thrones,skincare,Bath & Body,12.0,4.5175,143,Budget ($0-25),Top Rated (4.5-5)
ABBOTT,skincare,Fragrance,26.0,4.8163,49,Mid ($26-50),Top Rated (4.5-5)
ABBOTT,skincare,Fragrance,84.0,4.6111,18,Premium ($51-100),Top Rated (4.5-5)
ABBOTT,skincare,Fragrance,29.0,4.7778,9,Mid ($26-50),Top Rated (4.5-5)
ABBOTT,skincare,Fragrance,84.0,4.5882,17,Premium ($51-100),Top Rated (4.5-5)
ABBOTT,skincare,Fragrance,29.0,4.1667,6,Mid ($26-50),Good (4-4.4)
ABBOTT,skincare,Fragrance,84.0,4.619,21,Premium ($51-100),Top Rated (4.5-5)
ABBOTT,skincare,Fragrance,29.0,4.7143,7,Mid ($26-50),Top Rated (4.5-5)
ABBOTT,skincare,Fragrance,29.0,3.8333,6,Mid ($26-50),Average (3-3.9)
ABBOTT,skincare,Fragrance,28.0,4.25,4,Mid ($26-50),Good (4-4.4)
ABBOTT,skincare,Fragrance,84.0,4.625,8,Premium ($51-100),Top Rated (4.5-5)
ABBOTT,skincare,Fragrance,29.0,3.7143,7,Mid ($26-50),Average (3-3.9)
ABBOTT,skincare,Fragrance,84.0,4.1111,9,Premium ($51-100),Good (4-4.4)
ABBOTT,skincare,Fragrance,84.0,4.0909,11,Premium ($51-100),Good (4-4.4)
Acqua di Parma,skincare,Mini Size,77.0,3.3333,12,Premium ($51-100),Average (3-3.9)
Acqua di Parma,skincare,Fragrance,84.0,4.4359,39,Premium ($51-100),Top Rated (4.5-5)
Acqua di Parma,skincare,Fragrance,84.0,3.9459,37,Premium ($51-100),Good (4-4.4)
Acqua di Parma,skincare,Fragrance,181.0,4.2125,80,Luxury ($101-250),Good (4-4.4)
Acqua di Parma,skincare,Fragrance,210.0,4.2791,43,Luxury ($101-250),Good (4-4.4)
Acqua di Parma,skincare,Fragrance,135.0,4.6667,6,Luxury ($101-250),Top Rated (4.5-5)
Acqua di Parma,skincare,Fragrance,295.0,4.2632,19,Ultra ($250+),Good (4-4.4)
Acqua di Parma,skincare,Fragrance,130.0,4.5333,15,Luxury ($101-250),Top Rated (4.5-5)
Acqua di Parma,skincare,Fragrance,112.0,4.625,8,Luxury ($101-250),Top Rated (4.5-5)
Acqua di Parma,skincare,Bath & Body,55.0,3.2,10,Premium ($51-100),Average (3-3.9)
Acqua di Parma,skincare,Fragrance,130.0,4.5714,7,Luxury ($101-250),Top Rated (4.5-5)
Acqua di Parma,skincare,Fragrance,82.0,4.0,2,Premium ($51-100),Good (4-4.4)
Acqua di Parma,skincare,Fragrance,112.0,5.0,1,Luxury ($101-250),Top Rated (4.5-5)
Acqua di Parma,skincare,Fragrance,112.0,2.6667,3,Luxury ($101-250),Low (1-2.9)
adwoa beauty,skincare,Hair,39.0,4.5273,311,Mid ($26-50),Top Rated (4.5-5)
adwoa beauty,skincare,Hair,40.0,4.7581,492,Mid ($26-50),Top Rated (4.5-5)
adwoa beauty,skincare,Hair,26.0,4.3472,144,Mid ($26-50),Good (4-4.4)
adwoa beauty,skincare,Hair,26.0,4.5762,210,Mid ($26-50),Top Rated (4.5-5)
adwoa beauty,skincare,Hair,24.0,4.1324,136,Budget ($0-25),Good (4-4.4)
adwoa beauty,skincare,Hair,25.0,4.3109,193,Budget ($0-25),Good (4-4.4)
adwoa beauty,skincare,Hair,24.0,4.3826,1265,Budget ($0-25),Good (4-4.4)
adwoa beauty,skincare,Hair,24.0,4.5359,237,Budget ($0-25),Top Rated (4.5-5)
adwoa beauty,skincare,Hair,32.0,4.5635,252,Mid ($26-50),Top Rated (4.5-5)
adwoa beauty,skincare,Hair,36.0,4.6465,215,Mid ($26-50),Top Rated (4.5-5)
adwoa beauty,skincare,Hair,32.0,4.4188,234,Mid ($26-50),Top Rated (4.5-5)
adwoa beauty,skincare,Hair,25.0,4.3495,186,Budget ($0-25),Good (4-4.4)
adwoa beauty,skincare,Hair,15.0,4.2,5,Budget ($0-25),Good (4-4.4)
adwoa beauty,skincare,Hair,56.0,4.7283,173,Premium ($51-100),Top Rated (4.5-5)
AERIN,skincare,Makeup,35.0,4.26,527,Mid ($26-50),Good (4-4.4)
AERIN,skincare,Fragrance,145.0,4.2158,139,Luxury ($101-250),Good (4-4.4)
AERIN,skincare,Fragrance,35.0,4.2,50,Mid ($26-50),Good (4-4.4)
AERIN,skincare,Fragrance,145.0,4.3833,120,Luxury ($101-250),Good (4-4.4)
AERIN,skincare,Mini Size,35.0,4.1875,48,Mid ($26-50),Good (4-4.4)
AERIN,skincare,Fragrance,145.0,4.3333,60,Luxury ($101-250),Good (4-4.4)
AERIN,skincare,Fragrance,200.0,4.3385,65,Luxury ($101-250),Good (4-4.4)
AERIN,skincare,Fragrance,145.0,4.2875,80,Luxury ($101-250),Good (4-4.4)
AERIN,skincare,Fragrance,145.0,4.3529,51,Luxury ($101-250),Good (4-4.4)
AERIN,skincare,Fragrance,260.0,4.5278,36,Ultra ($250+),Top Rated (4.5-5)
AERIN,skincare,Fragrance,35.0,4.0,13,Mid ($26-50),Good (4-4.4)
AERIN,skincare,Fragrance,35.0,4.3333,21,Mid ($26-50),Good (4-4.4)
AERIN,skincare,Fragrance,145.0,3.6923,39,Luxury ($101-250),Average (3-3.9)
AERIN,skincare,Fragrance,35.0,4.0714,14,Mid ($26-50),Good (4-4.4)
AERIN,skincare,Fragrance,135.0,3.2,10,Luxury ($101-250),Average (3-3.9)
AERIN,skincare,Fragrance,145.0,4.6667,24,Luxury ($101-250),Top Rated (4.5-5)
AERIN,skincare,Fragrance,35.0,3.7059,17,Mid ($26-50),Average (3-3.9)
AERIN,skincare,Fragrance,145.0,4.3529,17,Luxury ($101-250),Good (4-4.4)
AERIN,skincare,Fragrance,35.0,3.3571,14,Mid ($26-50),Average (3-3.9)
AERIN,skincare,Fragrance,145.0,3.3571,14,Luxury ($101-250),Average (3-3.9)
AERIN,skincare,Fragrance,145.0,3.5,4,Luxury ($101-250),Average (3-3.9)
AERIN,skincare,Fragrance,100.0,2.0,1,Premium ($51-100),Low (1-2.9)
Algenist,skincare,Skincare,98.0,4.5413,1321,Premium ($51-100),Top Rated (4.5-5)
Algenist,skincare,Skincare,115.0,4.0259,1159,Luxury ($101-250),Good (4-4.4)
Algenist,skincare,Skincare,68.0,4.5306,1142,Premium ($51-100),Top Rated (4.5-5)
Algenist,skincare,Skincare,29.0,3.8721,649,Mid ($26-50),Average (3-3.9)
Algenist,skincare,Skincare,28.0,4.4134,508,Mid ($26-50),Top Rated (4.5-5)
Algenist,skincare,Skincare,112.0,4.2525,503,Luxury ($101-250),Good (4-4.4)
Algenist,skincare,Skincare,38.0,4.0569,334,Mid ($26-50),Good (4-4.4)
Algenist,skincare,Skincare,28.0,4.2689,264,Mid ($26-50),Good (4-4.4)
Algenist,skincare,Skincare,88.0,4.8023,258,Premium ($51-100),Top Rated (4.5-5)
Algenist,skincare,Skincare,82.0,4.4531,245,Premium ($51-100),Top Rated (4.5-5)
Algenist,skincare,Skincare,94.0,4.3808,239,Premium ($51-100),Good (4-4.4)
Algenist,skincare,Skincare,118.0,3.9825,229,Luxury ($101-250),Good (4-4.4)
Algenist,skincare,Skincare,94.0,4.2715,221,Premium ($51-100),Good (4-4.4)
Algenist,skincare,Skincare,72.0,4.6087,207,Premium ($51-100),Top Rated (4.5-5)
Algenist,skincare,Skincare,95.0,4.3854,205,Premium ($51-100),Good (4-4.4)
Algenist,skincare,Skincare,65.0,4.6982,169,Premium ($51-100),Top Rated (4.5-5)
Algenist,skincare,Skincare,40.0,4.7939,165,Mid ($26-50),Top Rated (4.5-5)
Algenist,skincare,Skincare,58.0,4.464,125,Premium ($51-100),Top Rated (4.5-5)
Algenist,skincare,Skincare,38.0,4.3729,118,Mid ($26-50),Good (4-4.4)
Algenist,skincare,Skincare,74.0,3.7759,116,Premium ($51-100),Average (3-3.9)
Algenist,skincare,Skincare,85.0,4.213,108,Premium ($51-100),Good (4-4.4)
Algenist,skincare,Skincare,85.0,3.97,100,Premium ($51-100),Good (4-4.4)
Algenist,skincare,Skincare,70.0,4.023,87,Premium ($51-100),Good (4-4.4)
Algenist,skincare,Skincare,85.0,4.1818,77,Premium ($51-100),Good (4-4.4)
Algenist,skincare,Bath & Body,38.0,4.175,40,Mid ($26-50),Good (4-4.4)
Algenist,skincare,Skincare,98.0,4.1026,39,Premium ($51-100),Good (4-4.4)
Algenist,skincare,Skincare,96.0,4.3243,37,Premium ($51-100),Good (4-4.4)
Algenist,skincare,Skincare,25.0,3.4412,34,Budget ($0-25),Average (3-3.9)
Algenist,skincare,Skincare,72.0,3.2581,31,Premium ($51-100),Average (3-3.9)
Algenist,skincare,Skincare,40.0,3.2,30,Mid ($26-50),Average (3-3.9)
Algenist,skincare,Skincare,84.0,3.8889,18,Premium ($51-100),Average (3-3.9)
Algenist,skincare,Skincare,44.0,3.0,1,Mid ($26-50),Average (3-3.9)
Alpha-H,skincare,Skincare,56.0,4.5093,915,Premium ($51-100),Top Rated (4.5-5)
Alpha-H,skincare,Skincare,65.0,4.3579,95,Premium ($51-100),Good (4-4.4)
Alpha-H,skincare,Skincare,65.0,4.2619,84,Premium ($51-100),Good (4-4.4)
Alpha-H,skincare,Skincare,38.0,4.5455,77,Mid ($26-50),Top Rated (4.5-5)
Alpha-H,skincare,Skincare,22.0,4.0,34,Budget ($0-25),Good (4-4.4)
Alpha-H,skincare,Skincare,82.0,3.8824,17,Premium ($51-100),Average (3-3.9)
Alpha-H,skincare,Skincare,105.0,5.0,16,Luxury ($101-250),Top Rated (4.5-5)
Alpha-H,skincare,Skincare,106.0,4.6,15,Luxury ($101-250),Top Rated (4.5-5)
Alpha-H,skincare,Skincare,38.0,4.25,12,Mid ($26-50),Good (4-4.4)
alpyn beauty,skincare,Skincare,60.0,4.514,465,Premium ($51-100),Top Rated (4.5-5)
alpyn beauty,skincare,Skincare,56.0,4.6801,347,Premium ($51-100),Top Rated (4.5-5)
alpyn beauty,skincare,Skincare,58.0,4.7631,287,Premium ($51-100),Top Rated (4.5-5)
alpyn beauty,skincare,Skincare,62.0,4.3206,262,Premium ($51-100),Good (4-4.4)
alpyn beauty,skincare,Skincare,39.0,4.895,238,Mid ($26-50),Top Rated (4.5-5)
alpyn beauty,skincare,Skincare,49.0,4.5422,225,Mid ($26-50),Top Rated (4.5-5)
alpyn beauty,skincare,Skincare,36.0,4.3832,167,Mid ($26-50),Good (4-4.4)
alpyn beauty,skincare,Skincare,59.0,4.503,167,Premium ($51-100),Top Rated (4.5-5)
alpyn beauty,skincare,Skincare,28.0,4.5405,148,Mid ($26-50),Top Rated (4.5-5)
alpyn beauty,skincare,Skincare,39.0,4.9231,91,Mid ($26-50),Top Rated (4.5-5)
alpyn beauty,skincare,Skincare,25.0,4.5806,31,Budget ($0-25),Top Rated (4.5-5)
alpyn beauty,skincare,Mini Size,23.0,4.85,20,Budget ($0-25),Top Rated (4.5-5)
alpyn beauty,skincare,Skincare,49.0,4.8889,18,Mid ($26-50),Top Rated (4.5-5)
ALTERNA Haircare,skincare,Hair,30.0,4.0232,1721,Mid ($26-50),Good (4-4.4)
ALTERNA Haircare,skincare,Hair,35.0,4.2482,963,Mid ($26-50),Good (4-4.4)
ALTERNA Haircare,skincare,Hair,55.0,4.4528,890,Premium ($51-100),Top Rated (4.5-5)
ALTERNA Haircare,skincare,Hair,38.0,4.0124,242,Mid ($26-50),Good (4-4.4)
ALTERNA Haircare,skincare,Hair,30.0,4.2685,391,Mid ($26-50),Good (4-4.4)
ALTERNA Haircare,skincare,Hair,34.0,4.3662,213,Mid ($26-50),Good (4-4.4)
ALTERNA Haircare,skincare,Hair,26.0,4.4268,157,Mid ($26-50),Top Rated (4.5-5)
ALTERNA Haircare,skincare,Hair,35.0,4.1298,208,Mid ($26-50),Good (4-4.4)
ALTERNA Haircare,skincare,Hair,34.0,4.1325,166,Mid ($26-50),Good (4-4.4)
ALTERNA Haircare,skincare,Hair,38.0,4.0615,130,Mid ($26-50),Good (4-4.4)
ALTERNA Haircare,skincare,Hair,38.0,4.5164,122,Mid ($26-50),Top Rated (4.5-5)
ALTERNA Haircare,skincare,Hair,32.0,4.1513,119,Mid ($26-50),Good (4-4.4)
ALTERNA Haircare,skincare,Hair,35.0,3.9127,126,Mid ($26-50),Good (4-4.4)
ALTERNA Haircare,skincare,Hair,32.0,4.6927,192,Mid ($26-50),Top Rated (4.5-5)
ALTERNA Haircare,skincare,Hair,38.0,4.0101,199,Mid ($26-50),Good (4-4.4)
ALTERNA Haircare,skincare,Hair,30.0,4.1863,102,Mid ($26-50),Good (4-4.4)
ALTERNA Haircare,skincare,Hair,40.0,4.3761,452,Mid ($26-50),Good (4-4.4)
ALTERNA Haircare,skincare,Hair,32.0,4.195,159,Mid ($26-50),Good (4-4.4)
ALTERNA Haircare,skincare,Hair,36.0,4.1471,102,Mid ($26-50),Good (4-4.4)
ALTERNA Haircare,skincare,Hair,45.0,3.9368,95,Mid ($26-50),Good (4-4.4)
ALTERNA Haircare,skincare,Hair,36.0,4.5957,94,Mid ($26-50),Top Rated (4.5-5)
ALTERNA Haircare,skincare,Hair,32.0,4.4488,205,Mid ($26-50),Top Rated (4.5-5)
ALTERNA Haircare,skincare,Hair,32.0,4.2381,21,Mid ($26-50),Good (4-4.4)
ALTERNA Haircare,skincare,Hair,32.0,4.1563,64,Mid ($26-50),Good (4-4.4)
ALTERNA Haircare,skincare,Hair,37.0,3.3333,18,Mid ($26-50),Average (3-3.9)
ALTERNA Haircare,skincare,Hair,35.0,4.0833,36,Mid ($26-50),Good (4-4.4)
ALTERNA Haircare,skincare,Hair,35.0,4.3879,116,Mid ($26-50),Good (4-4.4)
ALTERNA Haircare,skincare,Hair,30.0,4.5281,89,Mid ($26-50),Top Rated (4.5-5)
ALTERNA Haircare,skincare,Hair,36.0,4.1518,112,Mid ($26-50),Good (4-4.4)
ALTERNA Haircare,skincare,Hair,36.0,4.0,20,Mid ($26-50),Good (4-4.4)
ALTERNA Haircare,skincare,Hair,50.0,4.871,31,Mid ($26-50),Top Rated (4.5-5)
ALTERNA Haircare,skincare,Hair,38.0,4.4203,69,Mid ($26-50),Top Rated (4.5-5)
ALTERNA Haircare,skincare,Hair,48.0,4.8615,65,Mid ($26-50),Top Rated (4.5-5)
ALTERNA Haircare,skincare,Hair,100.0,3.6667,3,Premium ($51-100),Average (3-3.9)
ALTERNA Haircare,skincare,Hair,29.0,3.7903,124,Mid ($26-50),Average (3-3.9)
ALTERNA Haircare,skincare,Hair,56.0,4.963,27,Premium ($51-100),Top Rated (4.5-5)
ALTERNA Haircare,skincare,Hair,38.0,4.5606,66,Mid ($26-50),Top Rated (4.5-5)
ALTERNA Haircare,skincare,Hair,30.0,4.189,164,Mid ($26-50),Good (4-4.4)
ALTERNA Haircare,skincare,Hair,35.0,4.6286,35,Mid ($26-50),Top Rated (4.5-5)
ALTERNA Haircare,skincare,Hair,48.0,4.8226,62,Mid ($26-50),Top Rated (4.5-5)
ALTERNA Haircare,skincare,Hair,48.0,4.5938,64,Mid ($26-50),Top Rated (4.5-5)
ALTERNA Haircare,skincare,Hair,28.0,4.225,160,Mid ($26-50),Good (4-4.4)
ALTERNA Haircare,skincare,Hair,28.0,4.2628,156,Mid ($26-50),Good (4-4.4)
ALTERNA Haircare,skincare,Hair,35.0,4.0569,123,Mid ($26-50),Good (4-4.4)
Ami Colé,skincare,Makeup,20.0,4.7053,95,Budget ($0-25),Top Rated (4.5-5)
Ami Colé,skincare,Makeup,32.0,4.8966,58,Mid ($26-50),Top Rated (4.5-5)
Ami Colé,skincare,Makeup,19.0,4.1842,38,Budget ($0-25),Good (4-4.4)
Ami Colé,skincare,Makeup,22.0,4.5714,21,Budget ($0-25),Top Rated (4.5-5)
Ami Colé,skincare,Makeup,22.0,4.75,8,Budget ($0-25),Top Rated (4.5-5)
Ami Colé,skincare,Makeup,24.0,4.6429,14,Budget ($0-25),Top Rated (4.5-5)
Ami Colé,skincare,Makeup,20.0,4.8889,9,Budget ($0-25),Top Rated (4.5-5)
Ami Colé,skincare,Makeup,22.0,5.0,4,Budget ($0-25),Top Rated (4.5-5)
Ami Colé,skincare,Makeup,60.0,4.5,2,Premium ($51-100),Top Rated (4.5-5)
amika,skincare,Hair,32.0,4.4028,1621,Mid ($26-50),Top Rated (4.5-5)
amika,skincare,Hair,28.0,4.4057,2179,Mid ($26-50),Top Rated (4.5-5)
amika,skincare,Hair,32.0,4.5027,561,Mid ($26-50),Top Rated (4.5-5)
amika,skincare,Mini Size,18.0,4.0766,235,Budget ($0-25),Good (4-4.4)
amika,skincare,Hair,40.0,4.5346,159,Mid ($26-50),Top Rated (4.5-5)
amika,skincare,Hair,28.0,4.6388,335,Mid ($26-50),Top Rated (4.5-5)
amika,skincare,Hair,29.0,4.2243,749,Mid ($26-50),Good (4-4.4)
amika,skincare,Hair,120.0,4.0,176,Luxury ($101-250),Good (4-4.4)
amika,skincare,Hair,28.0,4.3292,161,Mid ($26-50),Good (4-4.4)
amika,skincare,Hair,39.0,5.0,17,Mid ($26-50),Top Rated (4.5-5)
amika,skincare,Hair,28.0,4.3739,115,Mid ($26-50),Good (4-4.4)
amika,skincare,Hair,100.0,3.28,125,Premium ($51-100),Average (3-3.9)
amika,skincare,Hair,40.0,4.5556,144,Mid ($26-50),Top Rated (4.5-5)
amika,skincare,Hair,23.0,3.3309,139,Budget ($0-25),Average (3-3.9)
amika,skincare,Hair,28.0,4.4352,108,Mid ($26-50),Top Rated (4.5-5)
amika,skincare,Hair,30.0,4.2588,85,Mid ($26-50),Good (4-4.4)
amika,skincare,Hair,23.0,3.6875,64,Budget ($0-25),Average (3-3.9)
amika,skincare,Hair,28.0,4.1951,82,Mid ($26-50),Good (4-4.4)
amika,skincare,Hair,29.0,4.3538,65,Mid ($26-50),Good (4-4.4)
amika,skincare,Mini Size,10.0,3.9412,17,Budget ($0-25),Good (4-4.4)
amika,skincare,Hair,32.0,3.8,45,Mid ($26-50),Average (3-3.9)
amika,skincare,Hair,30.0,3.8358,67,Mid ($26-50),Average (3-3.9)
amika,skincare,Hair,28.0,3.62,50,Mid ($26-50),Average (3-3.9)
amika,skincare,Hair,26.0,3.8838,198,Mid ($26-50),Average (3-3.9)
amika,skincare,Hair,98.0,3.9502,201,Premium ($51-100),Good (4-4.4)
amika,skincare,Hair,28.0,4.2192,73,Mid ($26-50),Good (4-4.4)
amika,skincare,Hair,29.0,4.16,25,Mid ($26-50),Good (4-4.4)
amika,skincare,Hair,30.0,4.6923,52,Mid ($26-50),Top Rated (4.5-5)
amika,skincare,Hair,26.0,3.9158,190,Mid ($26-50),Good (4-4.4)
amika,skincare,Hair,23.0,3.5507,69,Budget ($0-25),Average (3-3.9)
amika,skincare,Hair,28.0,3.8214,28,Mid ($26-50),Average (3-3.9)
amika,skincare,Hair,28.0,4.2941,51,Mid ($26-50),Good (4-4.4)
amika,skincare,Hair,28.0,4.2951,61,Mid ($26-50),Good (4-4.4)
amika,skincare,Hair,58.0,3.625,16,Premium ($51-100),Average (3-3.9)
amika,skincare,Hair,23.0,3.6429,42,Budget ($0-25),Average (3-3.9)
amika,skincare,Hair,26.0,4.3033,122,Mid ($26-50),Good (4-4.4)
amika,skincare,Hair,28.0,3.4,10,Mid ($26-50),Average (3-3.9)
amika,skincare,Hair,28.0,4.4,10,Mid ($26-50),Good (4-4.4)
amika,skincare,Hair,120.0,4.3103,116,Luxury ($101-250),Good (4-4.4)
amika,skincare,Hair,26.0,3.4615,13,Mid ($26-50),Average (3-3.9)
amika,skincare,Hair,38.0,4.6667,3,Mid ($26-50),Top Rated (4.5-5)
amika,skincare,Hair,120.0,4.4318,44,Luxury ($101-250),Top Rated (4.5-5)
amika,skincare,Hair,15.0,3.4286,7,Budget ($0-25),Average (3-3.9)
amika,skincare,Hair,16.0,4.375,8,Budget ($0-25),Good (4-4.4)
amika,skincare,Hair,120.0,3.5172,29,Luxury ($101-250),Average (3-3.9)
amika,skincare,Hair,28.0,4.1053,19,Mid ($26-50),Good (4-4.4)
amika,skincare,Hair,150.0,3.0526,38,Luxury ($101-250),Average (3-3.9)
amika,skincare,Hair,200.0,4.3214,28,Luxury ($101-250),Good (4-4.4)
amika,skincare,Hair,40.0,2.3333,9,Mid ($26-50),Low (1-2.9)
Anastasia Beverly Hills,skincare,Makeup,25.0,4.4056,15885,Budget ($0-25),Top Rated (4.5-5)
Anastasia Beverly Hills,skincare,Makeup,21.0,4.6701,11158,Budget ($0-25),Top Rated (4.5-5)
Anastasia Beverly Hills,skincare,Makeup,12.0,4.4696,790,Budget ($0-25),Top Rated (4.5-5)
Anastasia Beverly Hills,skincare,Makeup,20.0,3.8268,4238,Budget ($0-25),Average (3-3.9)
Anastasia Beverly Hills,skincare,Makeup,45.0,4.7931,9133,Mid ($26-50),Top Rated (4.5-5)
Anastasia Beverly Hills,skincare,Makeup,45.0,4.7068,2858,Mid ($26-50),Top Rated (4.5-5)
Anastasia Beverly Hills,skincare,Makeup,40.0,4.0975,2399,Mid ($26-50),Good (4-4.4)
Anastasia Beverly Hills,skincare,Makeup,26.0,4.0746,4127,Mid ($26-50),Good (4-4.4)
Anastasia Beverly Hills,skincare,Makeup,16.0,4.4551,1672,Budget ($0-25),Top Rated (4.5-5)
Anastasia Beverly Hills,skincare,Makeup,40.0,4.7197,2176,Mid ($26-50),Top Rated (4.5-5)
Anastasia Beverly Hills,skincare,Makeup,22.0,4.4206,4826,Budget ($0-25),Top Rated (4.5-5)
Anastasia Beverly Hills,skincare,Makeup,23.0,4.695,5086,Budget ($0-25),Top Rated (4.5-5)
Anastasia Beverly Hills,skincare,Makeup,23.0,3.9071,2293,Budget ($0-25),Good (4-4.4)
Anastasia Beverly Hills,skincare,Makeup,18.0,4.7427,1551,Budget ($0-25),Top Rated (4.5-5)
Anastasia Beverly Hills,skincare,Makeup,40.0,4.6467,917,Mid ($26-50),Top Rated (4.5-5)
Anastasia Beverly Hills,skincare,Makeup,9.0,4.1889,90,Budget ($0-25),Good (4-4.4)
Anastasia Beverly Hills,skincare,Makeup,18.0,4.6818,1122,Budget ($0-25),Top Rated (4.5-5)
Anastasia Beverly Hills,skincare,Makeup,25.0,3.4315,1868,Budget ($0-25),Average (3-3.9)
Anastasia Beverly Hills,skincare,Makeup,12.0,4.259,749,Budget ($0-25),Good (4-4.4)
Anastasia Beverly Hills,skincare,Makeup,22.0,4.1864,2640,Budget ($0-25),Good (4-4.4)
Anastasia Beverly Hills,skincare,Makeup,20.0,3.7853,1076,Budget ($0-25),Average (3-3.9)
Anastasia Beverly Hills,skincare,Makeup,23.0,4.6062,1427,Budget ($0-25),Top Rated (4.5-5)
Anastasia Beverly Hills,skincare,Makeup,30.0,4.6617,470,Mid ($26-50),Top Rated (4.5-5)
Anastasia Beverly Hills,skincare,Makeup,18.0,4.0611,360,Budget ($0-25),Good (4-4.4)
Anastasia Beverly Hills,skincare,Makeup,9.0,3.3403,573,Budget ($0-25),Average (3-3.9)
Anastasia Beverly Hills,skincare,Makeup,38.0,4.1304,1902,Mid ($26-50),Good (4-4.4)
Anastasia Beverly Hills,skincare,Makeup,23.0,4.4411,2156,Budget ($0-25),Top Rated (4.5-5)
Anastasia Beverly Hills,skincare,Makeup,18.0,4.6577,1335,Budget ($0-25),Top Rated (4.5-5)
Anastasia Beverly Hills,skincare,Makeup,60.0,4.601,193,Premium ($51-100),Top Rated (4.5-5)
Anastasia Beverly Hills,skincare,Makeup,22.0,3.9654,866,Budget ($0-25),Good (4-4.4)
Anastasia Beverly Hills,skincare,Makeup,26.0,4.2373,316,Mid ($26-50),Good (4-4.4)
Anastasia Beverly Hills,skincare,Makeup,60.0,4.7151,179,Premium ($51-100),Top Rated (4.5-5)
Anastasia Beverly Hills,skincare,Makeup,29.0,4.3553,76,Mid ($26-50),Good (4-4.4)
Anastasia Beverly Hills,skincare,Makeup,18.0,4.3528,326,Budget ($0-25),Good (4-4.4)
Anastasia Beverly Hills,skincare,Makeup,28.0,4.5012,433,Mid ($26-50),Top Rated (4.5-5)
Anastasia Beverly Hills,skincare,Makeup,25.0,4.0303,330,Budget ($0-25),Good (4-4.4)
Anastasia Beverly Hills,skincare,Makeup,32.0,4.6228,729,Mid ($26-50),Top Rated (4.5-5)
Anastasia Beverly Hills,skincare,Makeup,60.0,4.5,116,Premium ($51-100),Top Rated (4.5-5)
Anastasia Beverly Hills,skincare,Makeup,60.0,4.5069,144,Premium ($51-100),Top Rated (4.5-5)
Anastasia Beverly Hills,skincare,Makeup,29.0,4.551,2717,Mid ($26-50),Top Rated (4.5-5)
Anastasia Beverly Hills,skincare,Makeup,23.0,4.4611,501,Budget ($0-25),Top Rated (4.5-5)
Anastasia Beverly Hills,skincare,Makeup,35.0,4.5417,707,Mid ($26-50),Top Rated (4.5-5)
Anastasia Beverly Hills,skincare,Makeup,60.0,4.8206,457,Premium ($51-100),Top Rated (4.5-5)
Anastasia Beverly Hills,skincare,Makeup,25.0,3.8262,351,Budget ($0-25),Average (3-3.9)
Anastasia Beverly Hills,skincare,Tools & Brushes,20.0,3.4681,658,Budget ($0-25),Average (3-3.9)
Anastasia Beverly Hills,skincare,Makeup,16.0,4.1481,270,Budget ($0-25),Good (4-4.4)
Anastasia Beverly Hills,skincare,Makeup,29.0,4.3269,364,Mid ($26-50),Good (4-4.4)
Anastasia Beverly Hills,skincare,Makeup,18.0,3.4277,346,Budget ($0-25),Average (3-3.9)
Anastasia Beverly Hills,skincare,Tools & Brushes,28.0,4.4991,527,Mid ($26-50),Top Rated (4.5-5)
Anastasia Beverly Hills,skincare,Makeup,17.0,4.2,290,Budget ($0-25),Good (4-4.4)
Anastasia Beverly Hills,skincare,Makeup,25.0,3.8846,26,Budget ($0-25),Average (3-3.9)
Anastasia Beverly Hills,skincare,Mini Size,29.0,4.4737,114,Mid ($26-50),Top Rated (4.5-5)
Anastasia Beverly Hills,skincare,Makeup,38.0,4.534,824,Mid ($26-50),Top Rated (4.5-5)
